study_accession,n_runs,n_runs_profiled,frac_runs_profiled,n_samples,n_samples_profiled,n_samples_partial,frac_samples_profiled,miss_controlled_access_study,miss_ddbj_illumina_not_in_snapshot,miss_ena_illumina_not_in_snapshot,miss_non_illumina_platform,miss_non_wgs_strategy,miss_profiled,miss_published_after_snapshot_horizon,miss_small_run_lt_100Mbp,miss_sra_illumina_not_in_snapshot,coverage_class,study_title,sample_unit,first_public_min,controlled_access,n_infant_scope_samples,miss_unknown_size,n_catalog_scope,panel_scope
PRJDA72415,80,60,0.75,80,60,0,0.75,0,11,0,0,0,60,0,9,0,partial,Comprehensive Detection of Possible Pathogens Associated with Kawasaki Disease,biosample,2012-10-22,False,68,0,22,catalog_scope_adequate_depth
PRJDB10675,53,48,0.9057,53,48,0,0.9057,0,5,0,0,0,48,0,0,0,partial,"International collaborative studies on the prevention, diagnosis, and drug discovery for diarrheal infectious diseases in India",biosample,2023-06-05,False,53,0,0,fallback:no_catalog_scope_samples
PRJDB33192,51,46,0.902,51,46,0,0.902,0,0,0,0,0,46,0,5,0,partial,Infands gut virome (PRJCA031650),biosample,2025-09-28,False,51,0,0,fallback:no_catalog_scope_samples
PRJDB4525,36,34,0.9444,36,34,0,0.9444,0,2,0,0,0,34,0,0,0,partial,Shotgun metagenomics of fecal bacterial consortium inhabiting healthy Asian children,biosample,2021-12-03,False,36,0,0,fallback:no_catalog_scope_samples
PRJEB100868,744,0,0.0,744,0,0,0.0,0,0,0,0,0,0,744,0,0,none,PREVENT 1: Gut microbiota development and health in early life,biosample,2026-06-29,False,744,0,744,no_profiled_samples
PRJEB101714,370,0,0.0,100,0,0,0.0,0,0,0,370,0,0,0,0,0,none,strepB17,biosample,2026-03-12,False,100,0,0,no_profiled_samples
PRJEB101960,107,0,0.0,107,0,0,0.0,0,0,0,107,0,0,0,0,0,none,Gut microbiome of toddlers up to 36 months of age,biosample,2025-12-01,False,107,0,107,no_profiled_samples
PRJEB102170,71,0,0.0,71,0,0,0.0,0,0,0,71,0,0,0,0,0,none,Gut microbiome of toddlers up to 12 months of age,biosample,2025-12-01,False,71,0,0,no_profiled_samples
PRJEB102491,176,0,0.0,176,0,0,0.0,0,0,0,176,0,0,0,0,0,none,Shotgun sequencing of 91 infants from the ALADDIN birth cohort,biosample,2025-11-10,False,176,0,0,no_profiled_samples
PRJEB106892,1853,1811,0.9773,1851,1809,0,0.9773,0,0,17,0,0,1811,0,25,0,partial,Chain_Ncc_Metagenomes_Release,biosample,2026-01-28,False,1851,0,675,catalog_scope_adequate_depth
PRJEB108038,21,5,0.2381,16,5,5,0.3125,0,0,16,0,0,5,0,0,0,partial,Neonatal Jaundice and the Infant Gut Microbiome: An Integrated Shotgun Metagenomics and Bidirectional Mendelian Randomization Study in Xinjiang,biosample,2026-02-11,False,16,0,16,catalog_scope_adequate_depth
PRJEB108612,5328,4603,0.8639,5328,4603,0,0.8639,0,0,103,0,0,4603,0,622,0,partial,MOMmy-Microbiome_Epigenome_Neurodevelopment,biosample,2026-02-22,False,5328,0,0,fallback:no_catalog_scope_samples
PRJEB108678,572,519,0.9073,572,519,0,0.9073,0,0,47,0,0,519,0,6,0,partial,MPRINT: mother-infant dyads and antibiotic exposure,biosample,2026-02-24,False,295,0,284,catalog_scope_adequate_depth
PRJEB10914,1016,0,0.0,1016,0,0,0.0,0,0,0,0,0,0,0,1016,0,none,Developmental Ecology of the Human Microbiome - Restoration Study of babies.,biosample,2016-01-04,False,8,0,8,no_profiled_samples
PRJEB110410,156,0,0.0,156,0,0,0.0,0,0,0,0,0,0,156,0,0,none,The impact of dietary fibres on gut microbiome of young children: insights from ex vivo experiments and an observational cohort,biosample,2026-04-24,False,156,0,0,no_profiled_samples
PRJEB110894,365,0,0.0,365,0,0,0.0,0,0,0,0,0,0,365,0,0,none,Preterm Neonatal Stool Metagenomes+,biosample,2026-04-08,False,365,0,365,no_profiled_samples
PRJEB111647,1441,0,0.0,1441,0,0,0.0,0,0,0,1441,0,0,0,0,0,none,Restoration of Microbiota in Newborns,biosample,2026-04-17,False,543,0,543,no_profiled_samples
PRJEB112735,932,0,0.0,932,0,0,0.0,0,0,0,0,0,0,932,0,0,none,Investigating infant gut microbial composition (1 month and 10 years),biosample,2026-05-13,False,611,0,611,no_profiled_samples
PRJEB11419,12541,1250,0.0997,7024,888,582,0.1264,0,0,5471,0,0,1250,2268,3552,0,partial,American Gut Project,biosample,2015-10-15,False,2436,0,78,fallback:no_age_evidenced_profiled_samples
PRJEB12669,26,16,0.6154,19,16,6,0.8421,0,0,10,0,0,16,0,0,0,partial,Gut microbiota of 10 pairs of Chinese infant twins,biosample,2016-06-12,False,19,0,15,catalog_scope_adequate_depth
PRJEB14801,655,0,0.0,655,0,0,0.0,0,0,0,0,0,0,0,655,0,none,Puerto Rico and Plantanal,biosample,2016-07-14,False,20,0,20,no_profiled_samples
PRJEB14935,3,2,0.6667,3,2,0,0.6667,0,0,1,0,0,2,0,0,0,partial,Term and preterm shotgun samples,biosample,2017-09-20,False,3,0,3,catalog_scope_adequate_depth
PRJEB14941,1118,0,0.0,1118,0,0,0.0,0,0,0,0,0,0,0,1118,0,none,The microbiota at multiple body sites during pregnancy in a rural Tanzanian population and the effects of Moringa supplemented probiotic yogurt.,biosample,2016-07-29,False,113,0,104,no_profiled_samples
PRJEB14969,37,0,0.0,37,0,0,0.0,0,0,2,0,0,0,0,35,0,none,Dairy and plant based food intakes are associated with altered faecal microbiota in 2 to 3 year old Australian children.,biosample,2016-07-31,False,37,0,37,no_profiled_samples
PRJEB15257,15,13,0.8667,15,13,0,0.8667,0,0,2,0,0,13,0,0,0,partial,The antibiotic resistance potential of the preterm infant gut microbiome measured using shotgun metagenomics.,biosample,2016-09-23,False,15,0,15,catalog_scope_adequate_depth
PRJEB15633,85,0,0.0,85,0,0,0.0,0,0,0,0,0,0,0,85,0,none,Growth and Morbidity of Gambian Infants are Influenced by Maternal Milk Oligosaccharides and Infant Gut Microbiota,biosample,2016-11-01,False,85,0,85,no_profiled_samples
PRJEB21259,196,153,0.7806,28,24,12,0.8571,0,0,14,0,0,153,0,29,0,partial,AMR_metagenomic_sequencing,biosample,2021-10-13,False,28,0,0,fallback:no_catalog_scope_samples
PRJEB22032,42,38,0.9048,42,38,0,0.9048,0,0,4,0,0,38,0,0,0,partial,Characterization_of_healthy_adult_and_infant_gut_microbiota_in_Vietnamese_People,biosample,2022-08-16,False,42,0,0,fallback:no_catalog_scope_samples
PRJEB22207,19,4,0.2105,17,4,0,0.2353,0,0,0,15,0,4,0,0,0,partial,Gut microbiome diagnostics in pre-term babies,biosample,2017-08-21,False,17,0,0,fallback:no_catalog_scope_samples
PRJEB23207,14,11,0.7857,14,11,0,0.7857,0,0,0,3,0,11,0,0,0,partial,Metagenomic characterization of the human intestinal microbiota in faecal samples from STEC-infected patients,biosample,2017-11-06,False,14,0,0,fallback:no_catalog_scope_samples
PRJEB24006,26,22,0.8462,25,22,1,0.88,0,0,4,0,0,22,0,0,0,partial,"Neonatal gut-microbiome-derived 12,13 DiHOME impedes tolerance and predicts childhood atopy and asthma",biosample,2019-03-18,False,25,0,25,catalog_scope_adequate_depth
PRJEB24041,633,467,0.7378,212,186,51,0.8774,0,0,166,0,0,467,0,0,0,partial,Selective maternal seeding and environment shape the human gut microbiome,biosample,2018-02-12,False,212,0,0,fallback:no_catalog_scope_samples
PRJEB24771,1392,0,0.0,1392,0,0,0.0,0,0,365,0,0,0,0,1027,0,none,Legumes and Growth Data,biosample,2018-03-07,False,1392,0,1392,no_profiled_samples
PRJEB27325,402,0,0.0,402,0,0,0.0,0,0,0,0,0,0,0,402,0,none,Probiotic supplementation restores normal microbiota composition and function in antibiotic-treated and in caesarean-born infants,biosample,2018-08-16,False,402,0,402,no_profiled_samples
PRJEB2778,12,0,0.0,12,0,0,0.0,0,0,0,12,0,0,0,0,0,none,Mutualism between gut microbiota and the host as revealed in a comparative study of breast-fed versus formula-fed infants.,biosample,2012-04-17,False,12,0,12,no_profiled_samples
PRJEB28671,1690,0,0.0,1605,0,0,0.0,0,0,194,0,0,0,0,1496,0,none,A_novel_nano_iron_supplement__IHAT__to_safely_combact_iron_deficiency_and_anemia,biosample,2019-12-03,False,1605,0,590,no_profiled_samples
PRJEB29052,184,168,0.913,184,168,0,0.913,0,0,16,0,0,168,0,0,0,partial,The effect of probiotic supplementation on the gut microbiota and antibiotic resistome development in preterm infants,biosample,2019-01-14,False,184,0,0,fallback:no_catalog_scope_samples
PRJEB32135,156,135,0.8654,156,135,0,0.8654,0,0,17,0,0,135,0,4,0,partial,"The Canadian Healthy Infant Longitudinal Development (CHILD) study is a multicenter longitudinal, prospective, general population birth cohort study. This study used a nested case-controlled design to analyze the functional potential of the fecal microbiome in infants enrolled in the CHILD Study. We selected 3-month and 1-year stool samples from an atopy enriched subset of children from one enrollment center (Vancouver). DNA was extracted from stool samples and submitted for shotgun metagenome sequencing.",biosample,2019-06-11,False,156,0,156,catalog_scope_adequate_depth
PRJEB32631,1679,1518,0.9041,1679,1518,0,0.9041,0,0,161,0,0,1518,0,0,0,partial,Early_life_microbiota_colonisation,biosample,2019-07-01,False,1679,0,1679,catalog_scope_adequate_depth
PRJEB33013,61,56,0.918,61,56,0,0.918,0,0,5,0,0,56,0,0,0,partial,Human gut microbiome,biosample,2020-09-15,False,61,0,0,fallback:no_catalog_scope_samples
PRJEB33847,252,174,0.6905,8,8,8,1.0,0,0,77,0,0,174,0,1,0,full,Optimizing sequencing protocols for leaderboard metagenomics by combining long and short reads,biosample,2019-08-05,False,8,0,0,fallback:no_catalog_scope_samples
PRJEB35919,20,0,0.0,20,0,0,0.0,0,0,12,0,0,0,0,8,0,none,Bacteriophages enhance microbiota analysis.,biosample,2020-03-03,False,20,0,20,no_profiled_samples
PRJEB36405,22,0,0.0,22,0,0,0.0,0,0,0,10,12,0,0,0,0,none,Study of the bacterial resistome in people and animals from Australia,biosample,2020-08-22,False,22,0,5,no_profiled_samples
PRJEB37883,753,18,0.0239,379,18,17,0.0475,0,0,2,0,0,18,0,733,0,partial,Hospital regimes including probiotics guide the individual development of the gut microbiome of very low birth weight infants in the first two weeks of life,biosample,2022-05-30,False,379,0,379,catalog_scope_adequate_depth
PRJEB39610,644,588,0.913,644,588,0,0.913,0,0,55,0,0,588,0,1,0,partial,Longitudinal metagenomic analysis of the gut microbiome in preterm infants diagnosed with necrotising enterocolitis and matched controls,biosample,2020-11-23,False,644,0,644,catalog_scope_adequate_depth
PRJEB41102,807,722,0.8947,286,273,61,0.9545,0,0,81,0,0,722,0,4,0,partial,"Analysis of human fecal metagenomes from adults and infants, to investigate strain persistance, dispersal and purifying selection of bacterial strains.",biosample,2020-11-04,False,160,0,160,catalog_scope_adequate_depth
PRJEB42045,16,15,0.9375,16,15,0,0.9375,0,0,1,0,0,15,0,0,0,partial,Study of infant stool samples in the first year of life.,biosample,2024-10-10,False,16,0,0,fallback:no_catalog_scope_samples
PRJEB42363,181,160,0.884,181,160,0,0.884,0,0,17,0,0,160,0,4,0,partial,"Impact of azithromycin mass drug administration on the antibiotic resistant gut microbiome: a randomized, controlled trial",biosample,2021-04-01,False,181,0,0,fallback:no_catalog_scope_samples
PRJEB45356,950,865,0.9105,949,865,1,0.9115,0,0,77,8,0,865,0,0,0,partial,Bioactive glycans in a microbiome-directed food for malnourished children,biosample,2023-08-14,False,949,0,0,fallback:no_catalog_scope_samples
PRJEB45443,338,293,0.8669,338,293,0,0.8669,0,0,45,0,0,293,0,0,0,partial,Different development status of gut microbiome link to the dysbiosis of gut ecosystem in early childhood with atopic dermatitis,biosample,2021-11-10,False,338,0,0,fallback:no_catalog_scope_samples
PRJEB45799,2394,2180,0.9106,2394,2180,0,0.9106,0,0,214,0,0,2180,0,0,0,partial,The person-to-person transmission landscape of the gut and oral microbiomes,biosample,2022-03-29,False,2394,0,218,catalog_scope_adequate_depth
PRJEB46214,47,41,0.8723,47,41,0,0.8723,0,0,4,0,0,41,0,2,0,partial,Gut bacterial gene changes following pegaspargase treatment in pediatric patients with Acute Lymphoblastic Leukemia,biosample,2021-07-13,False,47,0,0,fallback:no_catalog_scope_samples
PRJEB46659,49,46,0.9388,49,46,0,0.9388,0,0,3,0,0,46,0,0,0,partial,Heritable Vaginal Bacteria Relate to Allergic Sensitization,biosample,2022-08-03,False,25,0,0,fallback:no_catalog_scope_samples
PRJEB46788,2750,2161,0.7858,2750,2161,0,0.7858,0,0,247,0,0,2161,0,342,0,partial,Codiversification of gut microbiota with humans,biosample,2022-09-16,False,2750,0,0,fallback:no_catalog_scope_samples
PRJEB46943,1310,2,0.0015,655,2,2,0.0031,0,0,1113,0,0,2,0,195,0,partial,Deep sequencing of faecal DNA viromes from 647 healthy Danish infants,biosample,2022-02-01,False,655,0,655,catalog_scope_adequate_depth
PRJEB48251,205,198,0.9659,205,198,0,0.9659,0,0,0,0,0,198,0,7,0,partial,MicrobeMom,biosample,2025-02-21,False,205,0,205,catalog_scope_adequate_depth
PRJEB49206,477,412,0.8637,439,381,7,0.8679,0,0,63,0,0,412,0,1,0,partial,Extensive microbial novelty in the Hadza and Nepali gut microbiome reveals how lifestyle impacts composition and function,biosample,2022-04-01,,154,1,121,catalog_scope_adequate_depth
PRJEB49383,2352,2001,0.8508,2351,2001,1,0.8511,0,0,208,0,0,2001,57,86,0,partial,Preterm Neonatal Stool Metagenomes,biosample,2022-10-01,False,2351,0,2351,catalog_scope_adequate_depth
PRJEB50568,119,110,0.9244,119,110,0,0.9244,0,0,9,0,0,110,0,0,0,partial,Pediatric gut resistome,biosample,2022-02-08,False,119,0,0,fallback:no_catalog_scope_samples
PRJEB51728,1750,1589,0.908,875,864,139,0.9874,0,0,155,0,0,1589,0,6,0,partial,Infant stool metagenomic datasets,biosample,2023-02-14,False,875,0,859,catalog_scope_adequate_depth
PRJEB52147,90,0,0.0,90,0,0,0.0,0,0,52,0,0,0,0,38,0,none,"The Association Between Milk Feedings in the Preterm Population, the Microbiome and Risk of Atopic Disease: Microbiome, Atopic Disease, and Prematurity (MAP Study)",biosample,2022-04-11,False,54,0,54,no_profiled_samples
PRJEB52295,43,40,0.9302,43,40,0,0.9302,0,0,3,0,0,40,0,0,0,partial,Precocious infant gut microbiome reprograms enterocytes and promotes childhood obesity risk,biosample,2022-04-26,False,43,0,0,fallback:no_catalog_scope_samples
PRJEB52748,105,91,0.8667,105,91,0,0.8667,0,0,14,0,0,91,0,0,0,partial,Gut microbiome function and composition in infants from rural Kenya and association with human milk oligosaccharides,biosample,2023-03-03,False,105,0,0,fallback:no_catalog_scope_samples
PRJEB52774,486,430,0.8848,477,425,4,0.891,0,0,50,0,0,430,0,6,0,partial,HELMi infant stool WGS metagenomes (3 weeks to 1 year) and parental stool WGS metagenomes,biosample,2022-05-31,False,332,0,332,catalog_scope_adequate_depth
PRJEB52938,614,458,0.7459,614,458,0,0.7459,0,0,45,0,0,458,0,111,0,partial,Longitudinal stool metagenomics from preterm infants within the first month after birth,biosample,2022-06-22,False,614,0,0,fallback:no_catalog_scope_samples
PRJEB53954,67,60,0.8955,67,60,0,0.8955,0,0,3,0,0,60,0,4,0,partial,Pediatric Leukemia and Lymphoma patient stool microbiome,biosample,2022-07-14,False,67,0,0,fallback:no_catalog_scope_samples
PRJEB54707,80,71,0.8875,80,71,0,0.8875,0,0,9,0,0,71,0,0,0,partial,"Infant stool, 2-HMO vs. control formula",biosample,2022-07-18,False,80,0,80,catalog_scope_adequate_depth
PRJEB54991,162,152,0.9383,162,152,0,0.9383,0,0,10,0,0,152,0,0,0,partial,Shotgun metagenomics of infant formula study,biosample,2022-08-03,False,162,0,162,catalog_scope_adequate_depth
PRJEB55713,55,51,0.9273,55,51,0,0.9273,0,0,4,0,0,51,0,0,0,partial,Child gut microbiome,biosample,2022-09-18,False,55,0,0,fallback:no_catalog_scope_samples
PRJEB55714,393,343,0.8728,393,343,0,0.8728,0,0,38,0,0,343,0,12,0,partial,Metagenomic analyses of the intestinal microbiome from neonates in the MIS BAIR trial,biosample,2023-01-26,False,393,0,0,fallback:no_catalog_scope_samples
PRJEB57911,58,54,0.931,58,54,0,0.931,0,0,4,0,0,54,0,0,0,partial,Infant metagemone data,biosample,2024-11-30,False,58,0,0,fallback:no_catalog_scope_samples
PRJEB59728,22,14,0.6364,22,14,0,0.6364,0,0,4,0,0,14,0,4,0,partial,This study examined pediatric patients undergoing treatment for various cancers and examined the impact of antibiotic use and duration on antibiotic resistance genes,biosample,2023-02-13,False,22,0,0,fallback:no_catalog_scope_samples
PRJEB62041,344,308,0.8953,344,308,0,0.8953,0,0,35,0,0,308,0,1,0,partial,Rotavirus Vaccine Immunogenicity (RoVI) shotgun metagenomics,biosample,2023-05-17,False,344,0,344,catalog_scope_adequate_depth
PRJEB62690,1110,1011,0.9108,1110,1011,0,0.9108,0,0,99,0,0,1011,0,0,0,partial,"Infant stool, 5-HMO supplemented formula vs. control formula vs. breastfed",biosample,2023-07-11,False,1110,0,1110,catalog_scope_adequate_depth
PRJEB62848,181,165,0.9116,181,165,0,0.9116,0,0,16,0,0,165,0,0,0,partial,"Infant stool, moderate and late preterm infants, probiotic and prebiotic",biosample,2023-06-21,False,181,0,181,catalog_scope_adequate_depth
PRJEB63183,170,151,0.8882,170,151,0,0.8882,0,0,19,0,0,151,0,0,0,partial,Interactions Between Bifidobacterium and Bacteroides and Human Milk Oligosaccharides and Their Associations with Infant Cognition,biosample,2023-06-22,False,0,0,0,fallback:no_catalog_scope_samples
PRJEB63351,288,253,0.8785,288,253,0,0.8785,0,0,35,0,0,253,0,0,0,partial,Neuroblastoma is associated with alterations in gut microbiome composition subsequent to maternal seeding,biosample,2023-08-20,False,288,0,86,catalog_scope_adequate_depth
PRJEB63570,928,828,0.8922,928,828,0,0.8922,0,0,99,0,0,828,0,1,0,partial,Klebsiella_transmission_and_immunity_on_Chatinkha_nursery__Neo_TRACK_,biosample,2024-10-15,False,928,0,0,fallback:no_catalog_scope_samples
PRJEB6456,400,357,0.8925,400,357,0,0.8925,0,0,43,0,0,357,0,0,0,partial,Dynamics and Stabilization of the Human Gut Microbiome during the First Year of Life,biosample,2015-06-01,False,400,0,398,catalog_scope_adequate_depth
PRJEB64567,45,40,0.8889,35,32,2,0.9143,0,0,5,0,0,40,0,0,0,partial,Maternal FMT in Cesarean-Born Infants - WGS sequencing of infants (1w to 1year) and maternal fecal samples,biosample,2023-08-11,False,35,0,28,catalog_scope_adequate_depth
PRJEB66728,60,55,0.9167,60,55,0,0.9167,0,0,5,0,0,55,0,0,0,partial,"Priority effects, nutrition and HMO-metabolism drive Bifidobacterium longum subspecies dynamics in the infant gut microbiome",biosample,2023-12-08,False,60,0,36,catalog_scope_adequate_depth
PRJEB6921,1067,151,0.1415,772,151,0,0.1956,0,0,358,0,0,151,0,558,0,partial,Role_of_early_life_gut_microbiota_in_colonisation_resistance_development,biosample,2015-01-27,False,497,0,0,fallback:no_catalog_scope_samples
PRJEB6972,15,15,1.0,15,15,0,1.0,0,0,0,0,0,15,0,0,0,full,"The microbial colonization of the intestine during the first monthsof life constitutes the most important process for the microbiota-induced host-homeostasis.Alterations in this process may entail a high-risk for disease in later life. However, this process the potential factorsaffecting it in the infant are not well known. Moreover, the potential impact of orally administered vaccines, expected to interact with intestinal immune cells eliciting an immune response at mucosal level,upon the establishing microbiome remains unknown.Here we assessed the intestinal microbiome establishmentprocess and evaluated the impact of rotavirus vaccination upon this process. Metagenomic, PCR-DGGE and faecal short chain fatty acids analyses were performed on faecal samples obtained from three infants before and after the administration of each dose of vaccine. We found a high inter-individual variability in the early lifegut microbiota at microbial composition level, but a large similarity between the infants’ microbiomes at functional level. Rotavirus vaccination did not show any major effects upon the infant gut microbiota. Thus, the individual microbiome establishment and development process seems to occur in a defined manner during the first stages of life and it is not affected by oral rotavirus vaccination.",biosample,2014-08-29,False,15,0,0,fallback:no_catalog_scope_samples
PRJEB70237,2664,0,0.0,2664,0,0,0.0,0,0,0,2664,0,0,0,0,0,none,HELMi infant and parental stool WGS metagenomes,biosample,2024-03-31,False,2237,0,2236,no_profiled_samples
PRJEB74322,155,141,0.9097,155,141,0,0.9097,0,0,11,0,0,141,0,3,0,partial,Spanish mother and infants metagenomes of stool and milk samples,biosample,2024-04-01,False,155,0,155,catalog_scope_adequate_depth
PRJEB74747,59,0,0.0,59,0,0,0.0,0,0,59,0,0,0,0,0,0,none,Dynamics of early-life bacteriophage-bacteria interactions in very preterm infants and their implications in disease,biosample,2024-04-26,False,59,0,59,no_profiled_samples
PRJEB76913,35,26,0.7429,35,26,0,0.7429,0,0,5,0,0,26,0,4,0,partial,Factors affecting the gut microbiota composition of children with CHD,biosample,2025-02-28,False,35,0,35,catalog_scope_adequate_depth
PRJEB77202,539,450,0.8349,538,449,0,0.8346,0,0,88,0,0,450,0,1,0,partial,Cork Nutrition Cohort,biosample,2025-01-02,False,538,0,0,fallback:no_catalog_scope_samples
PRJEB77729,89,81,0.9101,89,81,0,0.9101,0,0,8,0,0,81,0,0,0,partial,First-Year Dynamics of the Microbiome in Infants’ Oral and Gastrointestinal Systems,biosample,2024-10-24,False,89,0,89,catalog_scope_adequate_depth
PRJEB79382,77,77,1.0,77,77,0,1.0,0,0,0,0,0,77,0,0,0,full,Stool microbiota stability,biosample,2024-12-12,False,77,0,0,fallback:no_catalog_scope_samples
PRJEB79896,1712,1493,0.8721,948,902,149,0.9515,0,0,199,0,0,1493,0,20,0,partial,PRIMAL fecal samples shotgun metagenome sequencing,biosample,2024-09-19,False,946,0,946,catalog_scope_adequate_depth
PRJEB80456,12,11,0.9167,12,11,0,0.9167,0,0,1,0,0,11,0,0,0,partial,afmt sample deep sequencing metagenomic and HiC,biosample,2024-10-10,False,12,0,0,fallback:no_catalog_scope_samples
PRJEB82926,34,30,0.8824,34,30,0,0.8824,0,0,3,0,0,30,0,0,0,partial,"Probiotic Supplementation Impacts Gut Microbiota Development in Infants at Risk of Atopy: A Follow-up Analysis of a Randomised, Double-Blind, Placebo-Controlled Study",biosample,2025-01-01,False,34,1,0,fallback:no_catalog_scope_samples
PRJEB83236,770,85,0.1104,770,85,0,0.1104,0,0,653,0,0,85,0,32,0,partial,SEPSIS Human Microbiome Study,biosample,2025-08-12,False,770,0,385,catalog_scope_adequate_depth
PRJEB83552,1674,1384,0.8268,1674,1384,0,0.8268,0,0,231,0,0,1384,0,59,0,partial,SEPSIS Lactobacillus plantarum ATCC 202195 Microbiome Study,biosample,2025-12-12,False,1674,0,1462,catalog_scope_adequate_depth
PRJEB84376,1368,56,0.0409,1368,56,0,0.0409,0,0,1292,0,0,56,0,20,0,partial,Impact of phage enrichment on the observed infant gut virome,biosample,2025-02-07,False,1368,0,1368,catalog_scope_adequate_depth
PRJEB84944,547,0,0.0,547,0,0,0.0,0,0,0,547,0,0,0,0,0,none,Shotgun sequencing of 56 mother-infant dyads from the ALADDIN birth cohort,biosample,2025-08-04,False,547,0,415,no_profiled_samples
PRJEB86954,138,74,0.5362,51,45,45,0.8824,0,0,1,0,0,74,0,63,0,partial,Integrating Metagenomics for Helminth Detection,biosample,2025-12-12,False,24,0,23,catalog_scope_adequate_depth
PRJEB87209,50,49,0.98,50,49,0,0.98,0,0,0,0,0,49,0,1,0,partial,Australian infant gut microbiome metagenomics,biosample,2025-10-06,False,50,0,50,catalog_scope_adequate_depth
PRJEB89462,1366,0,0.0,1366,0,0,0.0,0,0,1348,0,0,0,0,18,0,none,Impact of phage enrichment on the observed infant gut phageome,biosample,2026-03-04,False,1366,0,1366,no_profiled_samples
PRJEB89491,929,0,0.0,929,0,0,0.0,0,0,0,929,0,0,0,0,0,none,LucKi Gut - Longitudinal metagenomic sequencing of infant gut microbiota,biosample,2025-05-19,False,929,0,808,no_profiled_samples
PRJEB90577,631,342,0.542,631,342,0,0.542,0,0,4,0,0,342,0,285,0,partial,PediCAP metagenomics and metaserotyping,biosample,2026-01-12,False,0,0,0,fallback:no_catalog_scope_samples
PRJEB9150,49,38,0.7755,49,38,0,0.7755,0,0,3,0,0,38,0,8,0,partial,Gut microbial succession follows acute secretory diarrhea in humans,biosample,2015-04-29,False,49,0,0,fallback:no_catalog_scope_samples
PRJEB9403,1392,121,0.0869,1392,121,0,0.0869,0,0,133,0,0,121,0,1138,0,partial,BAMBI__Baby_Associated_MicroBiota_of_the_Intestine_,biosample,2018-12-04,False,1392,0,1392,catalog_scope_adequate_depth
PRJEB97976,108,0,0.0,108,0,0,0.0,0,0,0,108,0,0,0,0,0,none,Infant gut microbiome maturation during weaning,biosample,2025-11-11,False,108,0,108,no_profiled_samples
PRJEB9818,320,0,0.0,235,0,0,0.0,0,0,0,320,0,0,0,0,0,none,The gut DNA viromes of Malawian twins discordant for severe acute undernutrition,biosample,2015-09-11,False,235,0,0,no_profiled_samples
PRJNA1015704,148,143,0.9662,148,143,0,0.9662,0,0,0,0,0,143,0,0,5,partial,Fecal and oropharyngeal microbiota from infants with cystic fibrosis on and off beta-lactam antibiotics.,biosample,2025-05-23,False,74,0,0,fallback:no_catalog_scope_samples
PRJNA1019702,507,333,0.6568,497,328,0,0.66,0,0,0,0,0,333,0,1,173,partial,MILK study metagenomic sequencing of human milk and infant feces,biosample,2024-01-10,False,334,0,334,catalog_scope_adequate_depth
PRJNA1029046,29,27,0.931,29,27,0,0.931,0,0,0,0,0,27,0,0,2,partial,Microbial Functionality and Its Correlation with Three Fecal Biomarkers,biosample,2023-10-21,False,29,0,29,catalog_scope_adequate_depth
PRJNA1031773,624,497,0.7965,624,497,0,0.7965,0,0,0,0,0,497,0,71,56,partial,Impacts of COVID-19 Pandemic on Early Life Gut Microbiome,biosample,2024-03-06,False,624,0,0,fallback:no_catalog_scope_samples
PRJNA1042647,180,140,0.7778,180,140,0,0.7778,0,0,0,0,0,140,0,28,12,partial,Bile Acids Are Substrates for Amine N-Acyl Transferase Activity by Bile Salt Hydrolase,biosample,2023-11-19,False,180,0,180,catalog_scope_adequate_depth
PRJNA1045584,655,424,0.6473,655,424,0,0.6473,0,0,0,0,0,424,0,18,213,partial,Impact of SARS-CoV-2 in stool sample from women living with HIV and HIV-negative women and their infants.,biosample,2024-09-11,False,655,0,0,fallback:no_catalog_scope_samples
PRJNA1045596,436,429,0.9839,436,429,0,0.9839,0,0,0,0,0,429,0,5,2,partial,The Intestinal Microbiome of Inflammatory Bowel Disease Across the Pediatric Age Range Raw sequence reads,biosample,2025-07-16,False,436,0,117,catalog_scope_adequate_depth
PRJNA1046438,467,424,0.9079,467,424,0,0.9079,0,0,0,0,0,424,0,0,43,partial,Profiling the gut microbiota throughout human lifespan,biosample,2024-01-05,False,0,0,0,fallback:no_catalog_scope_samples
PRJNA1049511,1566,1322,0.8442,1566,1322,0,0.8442,0,0,0,0,0,1322,0,100,144,partial,Gestational diabetes mellitus (GDM) impacts the maternal or infant microbiome trajectory,biosample,2024-06-30,False,1566,0,0,fallback:no_catalog_scope_samples
PRJNA1051094,122,70,0.5738,122,70,0,0.5738,0,0,0,0,0,70,0,3,49,partial,"Comparing the gut virome of HIV exposed, uninfected verses HIV unexposed Kenyan infants in the first 18 month of life",biosample,2025-10-25,False,122,0,122,catalog_scope_adequate_depth
PRJNA1055141,94,4,0.0426,94,4,0,0.0426,0,0,0,0,0,4,0,12,78,partial,Infant stool shallow shotgun sequencing (ANTIBIO),run,2023-12-22,False,94,0,94,catalog_scope_adequate_depth
PRJNA1056831,10,10,1.0,10,10,0,1.0,0,0,0,0,0,10,0,0,0,full,Microbiota of infant cholestasis in Taiwan,biosample,2024-08-02,False,10,0,0,fallback:no_catalog_scope_samples
PRJNA1060349,1197,253,0.2114,1197,253,0,0.2114,0,0,0,0,0,253,0,2,942,partial,Weaning accelerates and transforms within-host adaptation in the infant gut microbiome,biosample,2024-12-12,False,1197,0,0,fallback:no_catalog_scope_samples
PRJNA1062322,57,41,0.7193,57,41,0,0.7193,0,0,0,0,0,41,0,4,12,partial,Human milk cream alters intestinal microbiome of preterm infants,biosample,2024-01-10,False,57,0,57,catalog_scope_adequate_depth
PRJNA1065277,68,61,0.8971,68,61,0,0.8971,0,0,0,0,0,61,0,0,7,partial,Maternal factors are more capable of influencing the structure of infant gut microbes and bacteriophages than geography,biosample,2024-04-28,False,68,0,0,fallback:no_catalog_scope_samples
PRJNA1067625,16,15,0.9375,16,15,0,0.9375,0,0,0,0,0,15,0,0,1,partial,Gut microbiome of children in Haiti,biosample,2025-01-02,False,13,0,13,catalog_scope_adequate_depth
PRJNA1072081,961,883,0.9188,961,883,0,0.9188,0,0,0,0,0,883,0,0,78,partial,"Identifying Biomarkers and Trajectories of Typical Neurodevelopment in Children, the BRAINRISE Initiative",biosample,2024-02-23,False,961,0,961,catalog_scope_adequate_depth
PRJNA1076911,50,42,0.84,50,42,0,0.84,0,0,0,0,0,42,0,1,7,partial,Infant and maternal gut microbiomes,biosample,2024-02-24,False,25,0,25,catalog_scope_adequate_depth
PRJNA1081952,1736,858,0.4942,1422,858,314,0.6034,0,0,0,0,0,858,0,794,84,partial,BRISC microbiome sub study,biosample,2024-08-07,False,1422,0,940,catalog_scope_adequate_depth
PRJNA1082298,2,2,1.0,2,2,0,1.0,0,0,0,0,0,2,0,0,0,full,Analysis of fecal resistome in children,biosample,2024-05-26,False,2,0,0,fallback:no_catalog_scope_samples
PRJNA1085219,149,136,0.9128,149,136,0,0.9128,0,0,0,0,0,136,0,0,13,partial,Antibiotic resistance gene dynamics in the commensal infant gut microbiome over the first year of life,biosample,2024-04-09,False,0,0,0,fallback:no_catalog_scope_samples
PRJNA1086532,404,392,0.9703,404,392,0,0.9703,0,0,0,0,0,392,0,5,7,partial,Intestinal microbiomes of premature neonates with bacteremia,biosample,2025-09-01,False,404,0,404,catalog_scope_adequate_depth
PRJNA1086674,135,73,0.5407,135,73,0,0.5407,0,0,0,0,0,73,0,53,9,partial,The Impact of Oral Feedings on the Preterm Infant Microbiome and Metabolome,biosample,2024-03-24,False,39,0,39,catalog_scope_adequate_depth
PRJNA1087376,230,211,0.9174,230,211,0,0.9174,0,0,0,0,0,211,0,0,19,partial,M4EFaD - Gut microbiome changes associated with malnutrition,biosample,2024-10-03,False,230,0,230,catalog_scope_adequate_depth
PRJNA1095378,60,0,0.0,60,0,0,0.0,0,0,0,60,0,0,0,0,0,none,Neonatal antibiotic resistance,biosample,2024-04-03,False,60,0,60,no_profiled_samples
PRJNA1102671,11,0,0.0,11,0,0,0.0,0,0,0,0,0,0,0,4,7,none,"High detection frequency of vaccine-associated polioviruses and non-polio enteroviruses in stools of asymptomatic infants from the Free State Province, South Africa.",biosample,2025-06-23,False,11,0,11,no_profiled_samples
PRJNA1105631,196,178,0.9082,196,178,0,0.9082,0,0,0,0,0,178,0,1,17,partial,Microbiome features of bronchopulmonary dysplasia,biosample,2025-10-23,False,55,0,0,fallback:no_catalog_scope_samples
PRJNA1106451,1,1,1.0,1,1,0,1.0,0,0,0,0,0,1,0,0,0,full,Metagenomic assembly of genomes from a segmented filamentous bacterium present in the gut of Malian children,biosample,2026-01-06,False,1,0,0,fallback:no_catalog_scope_samples
PRJNA1106565,669,603,0.9013,669,603,0,0.9013,0,0,0,0,0,603,0,5,61,partial,Antibiotic exposure is associated with minimal gut microbiome perturbations in healthy term infants,biosample,2024-05-12,False,669,0,669,catalog_scope_adequate_depth
PRJNA1112760,132,0,0.0,64,0,0,0.0,0,0,0,66,0,0,66,0,0,none,Metagenomic signatures of early life brain damage,biosample,2026-06-25,False,64,0,64,no_profiled_samples
PRJNA1112983,202,182,0.901,202,182,0,0.901,0,0,0,0,0,182,0,0,20,partial,Kawasaki diseases patients metagenome Raw sequence reads,biosample,2024-05-26,False,202,0,0,fallback:no_catalog_scope_samples
PRJNA1113165,736,674,0.9158,736,674,0,0.9158,0,0,0,0,0,674,0,0,62,partial,Misame3 gut metagenomic,biosample,2024-05-24,False,736,0,0,fallback:no_catalog_scope_samples
PRJNA1123170,760,692,0.9105,760,692,0,0.9105,0,0,0,0,0,692,0,1,67,partial,A microbiota-directed therapeutic food for severely malnourished children evaluated following acute nutritional resuscitation,biosample,2024-10-05,False,760,0,760,catalog_scope_adequate_depth
PRJNA1128723,65,60,0.9231,65,60,0,0.9231,0,0,0,0,0,60,0,0,5,partial,Human gut metagenomes of South African infants,biosample,2025-01-04,False,65,0,65,catalog_scope_adequate_depth
PRJNA1128803,9,8,0.8889,9,8,0,0.8889,0,0,0,0,0,8,0,0,1,partial,Macrogenome sequence of the infant gut microbiota,biosample,2024-06-30,False,9,0,9,catalog_scope_adequate_depth
PRJNA1130109,203,179,0.8818,203,179,0,0.8818,0,0,0,0,0,179,0,2,22,partial,Infant gut microbiome study,biosample,2024-07-05,False,203,0,203,catalog_scope_adequate_depth
PRJNA1138246,298,293,0.9832,298,293,0,0.9832,0,0,0,0,0,293,0,0,5,partial,Fecal metagenomes of Peruvian children,biosample,2025-07-16,False,298,0,298,catalog_scope_adequate_depth
PRJNA1139951,663,29,0.0437,544,29,29,0.0533,0,0,0,625,0,29,0,0,9,partial,Long read metagenomics,biosample,2024-08-31,False,544,0,533,catalog_scope_adequate_depth
PRJNA1140720,1163,935,0.804,1163,935,0,0.804,0,0,0,0,0,935,150,0,78,partial,Modelling human microbiome transmission in a nursery setting,biosample,2024-10-11,False,1013,0,0,fallback:no_catalog_scope_samples
PRJNA1141394,133,130,0.9774,133,130,0,0.9774,0,0,0,0,0,130,0,0,3,partial,Biofilm metagenome Raw sequence reads,biosample,2025-06-23,False,133,0,133,catalog_scope_adequate_depth
PRJNA1143669,65,59,0.9077,65,59,0,0.9077,0,0,0,0,0,59,0,0,6,partial,Gut microbiota of neonates exposed to HIV,biosample,2024-08-12,False,65,0,65,catalog_scope_adequate_depth
PRJNA1145027,81,64,0.7901,81,64,0,0.7901,0,0,0,0,0,64,0,11,6,partial,Metal availability shapes early life microbial ecology and community succession,biosample,2024-08-09,False,81,0,78,catalog_scope_adequate_depth
PRJNA1148144,24,24,1.0,24,24,0,1.0,0,0,0,0,0,24,0,0,0,full,Biosignatures of late-onset extraintestinal bacterial infections,biosample,2025-04-10,False,24,0,24,catalog_scope_adequate_depth
PRJNA1154644,94,92,0.9787,94,92,0,0.9787,0,0,0,0,0,92,0,0,2,partial,Species- and subspecies-level characterization of health-associated bacterial consortia that colonize the human gut during infancy,biosample,2025-03-30,False,94,0,0,fallback:no_catalog_scope_samples
PRJNA1160256,21,21,1.0,21,21,0,1.0,0,0,0,0,0,21,0,0,0,full,The effects of selected food components and additives on the human gut microbiome,biosample,2025-04-27,False,21,0,0,fallback:no_catalog_scope_samples
PRJNA1162635,136,103,0.7574,136,103,0,0.7574,0,0,0,0,0,103,0,22,11,partial,A Metagenome-Assembled Genome Inventory for Children (MAGIC),biosample,2024-12-01,False,136,0,0,fallback:no_catalog_scope_samples
PRJNA1166969,12,12,1.0,12,12,0,1.0,0,0,0,0,0,12,0,0,0,full,Multi-Omics Analysis of the Microbial Profile Characteristics Associated with Pulmonary Arterial Hypertension in Congenital Heart Disease,biosample,2024-10-11,False,6,0,0,fallback:no_catalog_scope_samples
PRJNA1169661,152,150,0.9868,152,150,0,0.9868,0,0,0,0,0,150,0,1,1,partial,Infamilk,biosample,2025-03-07,False,88,0,0,fallback:no_catalog_scope_samples
PRJNA1177813,126,114,0.9048,126,114,0,0.9048,0,0,0,0,0,114,0,0,12,partial,2FL age specific bifidobacterium effect,biosample,2024-12-01,False,126,0,42,catalog_scope_adequate_depth
PRJNA1189459,89,77,0.8652,89,77,0,0.8652,0,0,0,0,0,77,0,6,6,partial,MicrobeMon threemonth infant,biosample,2024-11-29,False,89,0,0,fallback:no_catalog_scope_samples
PRJNA1191223,92,90,0.9783,92,90,0,0.9783,0,0,0,0,0,90,0,0,2,partial,Impact of early life antibiotic and probiotic treatment on gut microbiome and resistome of preterm infants (metagenome samples),biosample,2025-09-21,False,92,0,92,catalog_scope_adequate_depth
PRJNA1195013,44,44,1.0,44,44,0,1.0,0,0,0,0,0,44,0,0,0,full,"Stool microbiota from Mayan families. Age, town size, season, and food sourcing strategy evaluation",biosample,2026-02-22,False,44,0,0,fallback:no_catalog_scope_samples
PRJNA1198101,30,0,0.0,10,5,0,0.5,0,0,0,30,0,0,0,0,0,partial,MILK study metagenomic re-sequencing of human milk,biosample,2024-12-15,False,0,0,0,fallback:no_catalog_scope_samples
PRJNA1206145,108,108,1.0,108,108,0,1.0,0,0,0,0,0,108,0,0,0,full,Shotgun sequencing of the gut microbiome from infants enrolled in a randomized controlled trial of a microbiome-based integrative wellness program.,biosample,2025-09-21,False,108,0,108,catalog_scope_adequate_depth
PRJNA1217583,34,33,0.9706,34,33,0,0.9706,0,0,0,0,0,33,0,0,1,partial,"Metagenomic predictors of childhood obesity, cross-talk with maternal microflora",biosample,2025-05-15,False,34,0,34,catalog_scope_adequate_depth
PRJNA1222487,95,0,0.0,95,0,0,0.0,0,0,0,0,0,0,95,0,0,none,Gut microbiome signatures and reduced Faecalibacterium and Roseburia in infants with early allergic conditions,biosample,2026-05-13,False,95,0,95,no_profiled_samples
PRJNA1225421,210,209,0.9952,210,209,0,0.9952,0,0,0,0,0,209,0,0,1,partial,Microbiome data from the ECoMiD cohort study in Ecuador,biosample,2025-11-23,False,210,0,0,fallback:no_catalog_scope_samples
PRJNA1227883,112,101,0.9018,112,101,0,0.9018,0,0,0,0,0,101,0,7,4,partial,Metagenomes from mother-infant fecal and breastmilk samples of the MAMI cohort Metagenome,biosample,2025-06-01,False,80,0,80,catalog_scope_adequate_depth
PRJNA1230889,108,0,0.0,108,0,0,0.0,0,0,0,0,0,0,108,0,0,none,Mutualistic interactions between Escherichia coli and Bifidobacterium bifidum enable degradation of human milk oligosaccharides in healthy infants,biosample,2026-03-23,False,108,0,108,no_profiled_samples
PRJNA1231247,40,39,0.975,40,39,0,0.975,0,0,0,0,0,39,0,0,1,partial,metagenome Raw sequence reads,biosample,2025-03-09,False,40,0,40,catalog_scope_adequate_depth
PRJNA1233922,38,37,0.9737,38,37,0,0.9737,0,0,0,0,0,37,0,0,1,partial,gut metagenome,biosample,2025-10-23,False,38,0,0,fallback:no_catalog_scope_samples
PRJNA1241499,30,0,0.0,30,0,0,0.0,0,0,0,0,0,0,30,0,0,none,"Pediatric IBD Shotgun Metagenomics, Metatranscriptomics, and 16S rRNA",biosample,2026-04-19,False,0,0,0,no_profiled_samples
PRJNA1249435,315,0,0.0,315,0,0,0.0,0,0,0,0,0,0,315,0,0,none,Neurobiological and neurocognitive consequences of diverse microbiome functional trajectories,biosample,2026-04-19,False,77,0,77,no_profiled_samples
PRJNA1257550,1737,1450,0.8348,1737,1450,0,0.8348,0,0,0,0,0,1450,0,225,62,partial,Role of gut microbiota in eczema development,biosample,2025-05-28,False,1737,0,0,fallback:no_catalog_scope_samples
PRJNA1258733,156,0,0.0,156,0,0,0.0,0,0,0,0,0,0,156,0,0,none,Human Gut Metagenome,run,2026-06-21,False,156,0,156,no_profiled_samples
PRJNA1259152,1252,1233,0.9848,1252,1233,0,0.9848,0,0,0,0,0,1233,0,0,19,partial,MOMMY_IBD,biosample,2025-06-23,False,1252,0,0,fallback:no_catalog_scope_samples
PRJNA1260441,20,0,0.0,20,0,0,0.0,0,0,0,20,0,0,0,0,0,none,Comparative evaluation of DNA extraction protocols for neonatal gut microbiota profiling in a resource-limited setting,biosample,2025-05-28,False,20,0,20,no_profiled_samples
PRJNA1260751,26,26,1.0,26,26,0,1.0,0,0,0,0,0,26,0,0,0,full,Maternal Obesity Alters Human Milk Oligosaccharides Content and Promotes Early Acquisition of Late Colonizers in the Neonatal Gut Microbiome,biosample,2025-05-11,False,26,0,26,catalog_scope_adequate_depth
PRJNA1273620,325,317,0.9754,325,317,0,0.9754,0,0,0,0,0,317,0,0,8,partial,Maternal-Prenatal Signature Underlying Offspring Atopic Dermatitis Susceptibility,biosample,2025-06-23,False,325,0,0,fallback:no_catalog_scope_samples
PRJNA1274040,1000,0,0.0,1000,0,0,0.0,0,0,0,0,0,0,0,999,1,none,Yoghurt supplementation in overweight/obese women from early pregnancy to postpartum augments gut microbiota in their infants,biosample,2025-06-15,False,1000,0,1000,no_profiled_samples
PRJNA1274602,20,20,1.0,20,20,0,1.0,0,0,0,0,0,20,0,0,0,full,Association of fentanyl-induced microbiome changes and neurodevelopmental outcomes in preterm infants,biosample,2025-06-15,False,20,0,20,catalog_scope_adequate_depth
PRJNA1274946,353,331,0.9377,353,331,0,0.9377,0,0,0,0,0,331,0,0,22,partial,Siblings are Reservoirs for Microbial Metabolic Processes that Influence Allergy Development,biosample,2025-07-03,False,353,0,0,fallback:no_catalog_scope_samples
PRJNA1280936,895,870,0.9721,895,870,0,0.9721,0,0,0,0,0,870,0,0,25,partial,Gut Microbiome of Infants in the Neonatal Intensive Care Unit,biosample,2026-03-22,False,829,0,829,catalog_scope_adequate_depth
PRJNA1286160,247,240,0.9717,247,240,0,0.9717,0,0,0,0,0,240,0,0,7,partial,Antibiotic resistance genes in infants with and without obesity,biosample,2025-07-28,False,203,0,203,catalog_scope_adequate_depth
PRJNA1290379,261,221,0.8467,261,221,0,0.8467,0,0,0,0,0,221,0,0,40,partial,Infant stool,biosample,2026-02-22,False,261,0,261,catalog_scope_adequate_depth
PRJNA1301887,517,0,0.0,517,0,0,0.0,0,0,0,0,0,0,517,0,0,none,Preterm infant weight gain patterns are not associated with gut microbiome measures,biosample,2026-03-23,False,517,0,0,no_profiled_samples
PRJNA1304237,22,21,0.9545,22,21,0,0.9545,0,0,0,0,0,21,0,1,0,partial,Gut Microbiota Signatures in Indian Preterm Infants with Necrotizing Enterocolitis,biosample,2025-08-12,False,22,0,22,catalog_scope_adequate_depth
PRJNA1305341,250,0,0.0,250,0,0,0.0,0,0,0,250,0,0,0,0,0,none,ProRIDE Deep Seq Metagenomics Raw sequence reads,biosample,2026-03-22,False,250,0,250,no_profiled_samples
PRJNA1312123,272,42,0.1544,272,42,0,0.1544,0,0,0,0,0,42,0,23,207,partial,Development of the preterm infant gut and gastric residuals microbiome,biosample,2025-10-23,False,268,0,0,fallback:no_catalog_scope_samples
PRJNA1320699,90,0,0.0,90,0,0,0.0,0,0,0,0,0,0,0,89,1,none,16S sequencing of infant stool Metagenome,biosample,2026-01-02,False,90,0,90,no_profiled_samples
PRJNA1337172,168,161,0.9583,168,161,0,0.9583,0,0,0,0,0,161,0,0,7,partial,Early prenatal antibiotic usage has limited impact on the microbiomes of infants,biosample,2025-10-02,False,0,0,0,fallback:no_catalog_scope_samples
PRJNA1337442,450,0,0.0,450,0,0,0.0,0,0,0,0,150,0,300,0,0,none,Effect of Mass Azithromycin Distribution on Antibiotic Resistance in the Gut and Nasopharynx: A Cluster-Randomized Trial,biosample,2026-04-02,False,150,0,0,no_profiled_samples
PRJNA1348516,809,0,0.0,809,0,0,0.0,0,0,0,0,0,0,809,0,0,none,Metagenomic sequencing of stool samples of infants raw sequence reads,biosample,2026-09-03,False,809,0,809,no_profiled_samples
PRJNA1355224,151,0,0.0,151,0,0,0.0,0,0,0,0,0,0,151,0,0,none,Human metagenomic samples Metagenome,biosample,2026-04-18,False,151,0,151,no_profiled_samples
PRJNA1356541,511,496,0.9706,511,496,0,0.9706,0,0,0,0,0,496,0,1,14,partial,Metagenomic strain tracking among children in urban and rural communities in low- and middle-income countries.,biosample,2026-02-22,False,511,0,0,fallback:no_catalog_scope_samples
PRJNA1364313,361,356,0.9861,361,356,0,0.9861,0,0,0,0,0,356,0,2,3,partial,Antibiotic impact on preterm infant microbiome maturation,biosample,2025-12-26,False,361,0,361,catalog_scope_adequate_depth
PRJNA1368374,191,187,0.9791,191,187,0,0.9791,0,0,0,0,0,187,0,0,4,partial,Metagenomes from mother-infant fecal samples,biosample,2026-01-23,,140,0,0,fallback:no_catalog_scope_samples
PRJNA1378986,1878,0,0.0,1454,0,0,0.0,0,0,0,0,0,0,1878,0,0,none,Human gut metagenome during the first year of life,biosample,2026-04-19,False,1454,0,1454,no_profiled_samples
PRJNA1403004,1018,963,0.946,1018,963,0,0.946,0,0,0,0,0,963,0,50,5,partial,Shotgun metagenomic sequencing of infant stool samples from the CHILD Cohort Study,biosample,2026-01-16,False,1018,0,0,fallback:no_catalog_scope_samples
PRJNA1404625,835,0,0.0,835,0,0,0.0,0,0,0,0,0,0,0,43,792,none,Investigating the role of the infant gut microbiome in rotavirus vaccine efficacy,biosample,2026-01-20,False,835,0,835,no_profiled_samples
PRJNA1406796,30,29,0.9667,30,29,0,0.9667,0,0,0,0,0,29,0,0,1,partial,Metagenomic Identification,biosample,2026-01-25,False,0,0,0,fallback:no_catalog_scope_samples
PRJNA1413407,108,107,0.9907,108,107,0,0.9907,0,0,0,0,0,107,0,0,1,partial,Microbial-based integrated model to measure and module brain development and function,biosample,2026-01-25,False,108,0,108,catalog_scope_adequate_depth
PRJNA1414141,90,0,0.0,90,0,0,0.0,0,0,0,90,0,0,0,0,0,none,Gut Microbiome Dysbiosis in Neonatal Lupus,biosample,2026-08-13,False,90,0,90,no_profiled_samples
PRJNA1425751,383,0,0.0,383,0,0,0.0,0,0,0,0,0,0,383,0,0,none,Gut metagenome,biosample,2026-04-19,False,383,0,383,no_profiled_samples
PRJNA1428929,120,0,0.0,120,0,0,0.0,0,0,0,0,0,0,120,0,0,none,Gut Microbiota and Metabolome Signatures in Preterm Infants with High versus Low Risk for Neurodevelopmental Impairment,biosample,2026-06-30,False,120,0,120,no_profiled_samples
PRJNA1435557,13,0,0.0,13,0,0,0.0,0,0,0,0,0,0,0,0,13,none,ROLE OF GUT MICROBIOME AND MICROBIAL EPITOPE IN ROTAVIRUS INFECTION AMONG MALAYSIAN CHILDREN,biosample,2026-03-17,False,13,0,0,no_profiled_samples
PRJNA1445880,740,0,0.0,740,0,0,0.0,0,0,0,0,0,0,740,0,0,none,Infant gut microbiome samples Gastrointestinal Microbiome and Allergic Proctocolitis cohort,biosample,2026-04-05,False,740,0,0,no_profiled_samples
PRJNA1445932,398,0,0.0,398,0,0,0.0,0,0,0,0,0,0,398,0,0,none,Effect of a complementary feeding intervention on the gut microbiota in 12-18-month- old children,biosample,2026-07-19,False,398,0,398,no_profiled_samples
PRJNA1452547,299,0,0.0,299,0,0,0.0,0,0,0,0,0,0,299,0,0,none,Chlorinated Water Effects on Infant Gut Microbiota,biosample,2026-04-15,False,299,0,299,no_profiled_samples
PRJNA1452619,159,0,0.0,159,0,0,0.0,0,0,0,0,0,0,159,0,0,none,Microbiome and growth faltering in Indian Infants,biosample,2026-05-13,False,159,0,0,no_profiled_samples
PRJNA1468137,4749,0,0.0,4749,0,0,0.0,0,0,0,0,0,0,4749,0,0,none,Maternal influences on infant gut microbiome and health,biosample,2026-05-31,False,4577,0,0,no_profiled_samples
PRJNA1472032,54,0,0.0,33,0,0,0.0,0,0,0,0,0,0,54,0,0,none,Metagenomic profiling of maternal and infant gut microbiome samples,biosample,2026-08-22,False,33,0,0,no_profiled_samples
PRJNA1476247,174,0,0.0,174,0,0,0.0,0,0,0,0,0,0,174,0,0,none,Evaluating metagenomic sequencing as a stool-based diagnostic in children with presumptive TB in Uganda Jun 3 26,biosample,2026-06-10,False,174,0,0,no_profiled_samples
PRJNA1490646,319,0,0.0,319,0,0,0.0,0,0,0,0,0,0,319,0,0,none,Gut Microbiome of Pregnancy and Infancy,biosample,2026-08-09,False,183,0,0,no_profiled_samples
PRJNA1502892,390,0,0.0,390,0,0,0.0,0,0,0,0,0,0,390,0,0,none,"Associations between antibiotic exposure intensity, intestinal microbiome perturbations, and outcomes in premature neonates with bacteremia",biosample,2026-07-30,False,390,0,390,no_profiled_samples
PRJNA1504428,685,0,0.0,685,0,0,0.0,0,0,0,0,0,0,685,0,0,none,Gut microbiomes in children with complicated severe acute malnutrition during hospitalisation and long-term follow-up,biosample,2026-08-01,False,685,0,0,no_profiled_samples
PRJNA1513446,44,0,0.0,44,0,0,0.0,0,0,0,0,0,0,44,0,0,none,Metagenomic sequencing of meconium microbiota of neonates,biosample,2026-08-28,False,44,0,44,no_profiled_samples
PRJNA1513833,5,0,0.0,5,0,0,0.0,0,0,0,0,0,0,5,0,0,none,"ENTERIC VIRAL DETECTION AND BACTERIAL MICROBIOME PROFILES IN CHILDREN UNDER FIVE YEARS WITH ACUTE GASTROENTERITIS IN EMBU COUNTY, KENYA",biosample,2026-08-24,False,5,0,0,no_profiled_samples
PRJNA215102,1,1,1.0,1,1,0,1.0,0,0,0,0,0,1,0,0,0,full,Premature infant gut Metagenome,biosample,2013-12-07,False,1,0,1,catalog_scope_adequate_depth
PRJNA215106,169,1,0.0059,22,1,1,0.0455,0,0,0,0,0,1,0,55,113,partial,Pediatric Fecal Metagenome,biosample,2014-04-15,False,10,0,10,fallback:no_age_evidenced_profiled_samples
PRJNA221723,2,2,1.0,2,2,0,1.0,0,0,0,0,0,2,0,0,0,full,Gut metagenome from two premature infants,biosample,2014-02-05,False,2,0,2,catalog_scope_adequate_depth
PRJNA231909,542,490,0.9041,124,124,45,1.0,0,0,0,0,0,490,0,0,52,full,"A prospective, longitudinal analysis of the developing gut microbiome in infants en route to type 1 diabetes",biosample,2015-03-16,False,124,0,0,fallback:no_catalog_scope_samples
PRJNA268964,116,98,0.8448,58,56,14,0.9655,0,0,0,0,0,98,0,10,8,partial,Human Gut Microbiome Metagenome,biosample,2015-02-17,False,58,0,2,catalog_scope_adequate_depth
PRJNA272371,28,20,0.7143,12,12,6,1.0,0,0,0,5,0,20,0,0,3,full,Infant fecal microbiome related to eczema,biosample,2015-09-15,False,12,0,4,catalog_scope_adequate_depth
PRJNA273761,60,56,0.9333,60,56,0,0.9333,0,0,0,0,0,56,0,0,4,partial,Metagenomes from human infant fecal samples with and without necrotizing enterocolitis,biosample,2015-06-05,False,60,0,60,catalog_scope_adequate_depth
PRJNA284162,143,0,0.0,48,0,0,0.0,0,0,0,0,0,0,0,143,0,none,STL Infant Twins Microbiome,biosample,2015-09-02,False,48,0,48,no_profiled_samples
PRJNA287207,2,2,1.0,2,2,0,1.0,0,0,0,0,0,2,0,0,0,full,Evaluation of vertical transmission between mother-infant,biosample,2015-08-29,False,2,0,0,fallback:no_catalog_scope_samples
PRJNA290380,785,716,0.9121,785,716,0,0.9121,0,0,0,0,0,716,0,0,69,partial,"A longitudinal analysis of the developing gut microbiome in infants from Finland, Estonia, and Russian Karelia",biosample,2016-10-07,False,769,0,769,catalog_scope_adequate_depth
PRJNA294605,158,138,0.8734,158,138,0,0.8734,0,0,0,0,0,138,0,1,19,partial,Metagenomes from 11 human infant fecal samples hospitalized in the same intensive care unit,run,2016-06-29,False,158,0,158,catalog_scope_adequate_depth
PRJNA296814,1082,998,0.9224,1063,982,3,0.9238,0,0,0,0,0,998,0,9,75,partial,New Hampshire Birth Cohort Study microbiome: marker gene and shotgun metagenomic sequencing,biosample,2019-03-07,False,747,0,747,catalog_scope_adequate_depth
PRJNA299342,11,10,0.9091,11,10,0,0.9091,0,0,0,0,0,10,0,0,1,partial,children intestinal bacteria about SFB metagenome,run,2017-02-05,False,11,0,11,catalog_scope_adequate_depth
PRJNA300541,382,297,0.7775,191,179,61,0.9372,0,0,0,0,0,297,0,46,39,partial,Antibiotic resistance exchange between microbiota in resource-poor settings in Latin America,biosample,2016-03-12,False,26,0,26,catalog_scope_adequate_depth
PRJNA301903,982,405,0.4124,403,353,300,0.8759,0,0,0,0,0,405,0,483,94,partial,Metagenomic sequencing of preterm infant gut microbiota raw sequence reads,biosample,2016-05-05,False,403,0,403,catalog_scope_adequate_depth
PRJNA311208,16,16,1.0,11,11,0,1.0,0,0,0,0,0,16,0,0,0,full,Severe gut microbiota dysbiosis is associated with poor growth in patients with short bowel syndrome,biosample,2016-07-16,False,11,0,0,fallback:no_catalog_scope_samples
PRJNA312041,2,0,0.0,1,0,0,0.0,0,0,0,2,0,0,0,0,0,none,human fecal raw sequence reads,biosample,2017-10-05,False,1,0,0,no_profiled_samples
PRJNA320015,28,11,0.3929,2,2,2,1.0,0,0,0,0,0,11,0,15,2,full,Technical validation of ethanol fixation on stool canine and infant metagenomes,biosample,2016-05-15,False,2,0,0,fallback:no_catalog_scope_samples
PRJNA322188,99,74,0.7475,99,74,0,0.7475,0,0,0,0,0,74,0,16,9,partial,Maturation of the Infant Microbiome Community Structure and Function Across Multiple Body Sites,biosample,2017-05-08,False,66,0,49,catalog_scope_adequate_depth
PRJNA327106,45,45,1.0,45,45,0,1.0,0,0,0,0,0,45,0,0,0,full,"Raw reads of the microbiota of premature infant mouth, skin, and gut",biosample,2016-09-02,False,37,0,37,catalog_scope_adequate_depth
PRJNA339914,24,15,0.625,24,15,0,0.625,0,0,0,0,0,15,0,7,2,partial,Vertical Transmission Pilot,biosample,2016-10-01,False,8,0,8,catalog_scope_adequate_depth
PRJNA343008,48,1,0.0208,48,1,0,0.0208,0,0,0,0,0,1,0,2,45,partial,feces metagenome Raw sequence reads,biosample,2018-03-03,False,24,0,24,fallback:all_age_evidenced_profiled_samples_low_depth
PRJNA343144,19,0,0.0,1,0,0,0.0,0,0,0,19,0,0,0,0,0,none,Infant gut microbiome Metagenomic assembly,biosample,2016-10-24,False,1,0,1,no_profiled_samples
PRJNA345144,646,564,0.8731,646,564,0,0.8731,0,0,0,0,0,564,0,0,82,partial,Probiotics in Pregnancy study,biosample,2019-06-02,False,646,0,646,catalog_scope_adequate_depth
PRJNA352475,230,126,0.5478,230,126,0,0.5478,0,0,0,0,0,126,0,34,70,partial,Mother-infant microbiome vertical transmission,biosample,2018-02-03,False,133,0,119,catalog_scope_adequate_depth
PRJNA363003,27,26,0.963,27,26,0,0.963,0,0,0,0,0,26,0,0,1,partial,human metagenome Raw sequence reads,biosample,2017-12-12,False,27,0,0,fallback:no_catalog_scope_samples
PRJNA376566,407,351,0.8624,407,351,0,0.8624,0,0,0,0,0,351,0,10,46,partial,preterm infant gut metagenomes (S2_2013 and NIHY2_2012 cohorts),biosample,2017-12-06,False,407,0,407,catalog_scope_adequate_depth
PRJNA379120,70,58,0.8286,65,54,1,0.8308,0,0,0,0,0,58,0,11,1,partial,"Colonization, succession and evolution of the earliest human gastrointestinal microbiome",biosample,2018-11-10,False,53,0,52,catalog_scope_adequate_depth
PRJNA380031,3,3,1.0,3,3,0,1.0,0,0,0,0,0,3,0,0,0,full,Maternal inheritance of bifidobacterial communities and bifidophages in infants through vertical transmission,biosample,2017-03-30,False,3,0,0,fallback:no_catalog_scope_samples
PRJNA384716,96,75,0.7812,96,75,0,0.7812,0,0,0,0,0,75,0,0,21,partial,human metagenome,biosample,2018-05-02,False,64,0,64,catalog_scope_adequate_depth
PRJNA385126,40,1,0.025,40,1,0,0.025,0,0,0,0,0,1,0,2,37,partial,viral metagenome Metagenome,biosample,2018-04-14,False,40,0,40,fallback:all_age_evidenced_profiled_samples_low_depth
PRJNA387903,220,0,0.0,220,0,0,0.0,0,0,0,0,0,0,0,1,219,none,Intestinal Virome Changes Precede Autoimmunity in Type I Diabetes Susceptible Children,biosample,2017-06-23,False,220,0,0,no_profiled_samples
PRJNA390646,60,53,0.8833,60,53,0,0.8833,0,0,0,0,0,53,0,0,7,partial,Infant Microbiota and Probiotic Intake Study (IMPRINT),biosample,2018-12-07,False,60,0,60,catalog_scope_adequate_depth
PRJNA394687,27,27,1.0,27,27,0,1.0,0,0,0,0,0,27,0,0,0,full,Confirmation of Shigella detection in culture negative PCR positive diarrheal cases using a metagenomic approach,biosample,2017-12-10,False,27,0,0,fallback:no_catalog_scope_samples
PRJNA396794,305,275,0.9016,305,275,0,0.9016,0,0,0,0,0,275,0,0,30,partial,preterm infant gut metagenomes (NIH Y4 Cohort),biosample,2017-11-09,False,305,0,305,catalog_scope_adequate_depth
PRJNA398089,2041,1221,0.5982,2041,1221,0,0.5982,0,0,0,0,0,1221,0,274,546,partial,Longitudinal Multi'omics of the Human Microbiome in Inflammatory Bowel Disease,biosample,2017-10-18,False,2041,0,0,fallback:no_catalog_scope_samples
PRJNA400115,13245,0,0.0,12266,0,0,0.0,13245,0,0,0,0,0,0,0,0,none,TEDDY Microbiome,biosample,2018-09-01,True,12266,0,0,no_profiled_samples
PRJNA413160,16,15,0.9375,16,15,0,0.9375,0,0,0,0,0,15,0,0,1,partial,Metagenome data from infant stools samples raw sequence reads,biosample,2017-12-12,False,16,0,0,fallback:no_catalog_scope_samples
PRJNA413162,19,18,0.9474,19,18,0,0.9474,0,0,0,0,0,18,0,0,1,partial,Metagenome data from infant (PD and ProD) stools samples raw sequence reads,biosample,2017-12-12,False,19,0,19,catalog_scope_adequate_depth
PRJNA417283,86,80,0.9302,86,80,0,0.9302,0,0,0,0,0,80,0,0,6,partial,human metagenome,biosample,2018-03-03,False,86,0,0,fallback:no_catalog_scope_samples
PRJNA417343,269,237,0.881,269,237,0,0.881,0,0,0,0,0,237,0,7,25,partial,preterm infant gut metagenomes (NIH Y5 Cohort),biosample,2019-08-01,False,269,0,269,catalog_scope_adequate_depth
PRJNA422569,31,25,0.8065,31,25,0,0.8065,0,0,0,0,0,25,0,4,2,partial,Tracing mother-infant transmission of bacteriophages by means of a novel tool for analysis of shotgun metagenomics datasets: METAnnotatorX,biosample,2018-10-28,False,31,0,31,catalog_scope_adequate_depth
PRJNA433393,14,13,0.9286,14,13,0,0.9286,0,0,0,0,0,13,0,0,1,partial,infant gut metagenomes (NIHL1),biosample,2022-02-08,False,12,0,12,catalog_scope_adequate_depth
PRJNA436562,46,41,0.8913,46,41,0,0.8913,0,0,0,0,0,41,0,0,5,partial,Bangladesh Infant Gut Metagenomes,biosample,2018-03-03,False,46,0,46,catalog_scope_adequate_depth
PRJNA46337,1153,0,0.0,827,0,0,0.0,0,0,0,1059,0,0,0,0,94,none,The Neonatal Microbiome and Necrotizing Enterocolitis,biosample,2013-09-02,False,827,0,827,no_profiled_samples
PRJNA473126,447,213,0.4765,402,204,26,0.5075,0,0,0,0,0,213,0,9,225,partial,Infant Diet and Maternal Gestational Weight Gain Influence Functional Maturation of the Infant Gut Microbiome,biosample,2018-05-26,False,402,0,402,catalog_scope_adequate_depth
PRJNA475246,286,228,0.7972,286,228,0,0.7972,0,0,0,0,0,228,0,24,34,partial,Strain-level identification of mother-to-child bacterial transmission during the first few months of life,biosample,2018-06-09,False,170,0,170,catalog_scope_adequate_depth
PRJNA477357,116,78,0.6724,116,78,0,0.6724,0,0,0,0,0,78,0,30,8,partial,Microbiome in Severe Combined Immunodeficiency (X-linked),biosample,2018-06-26,False,77,0,0,fallback:no_catalog_scope_samples
PRJNA482729,24,20,0.8333,24,20,0,0.8333,0,0,0,0,0,20,0,0,4,partial,"Effect of native and acetylated high amylose maize starch on fecal pH, short chain fatty acid concentrations, and microbiota in a cohort of normal and stunted children in southern India",biosample,2019-08-02,False,24,0,0,fallback:no_catalog_scope_samples
PRJNA484151,10,1,0.1,10,1,0,0.1,0,0,0,0,0,1,0,0,9,partial,Rural and Urban infant''s fecal microbiota study,biosample,2018-08-04,False,10,0,0,fallback:no_catalog_scope_samples
PRJNA485056,112,96,0.8571,112,96,0,0.8571,0,0,0,0,0,96,0,1,15,partial,Metagenomic sequencing of stool samples from rural communities from north-eastern Madagascar,biosample,2018-08-10,False,112,0,0,fallback:no_catalog_scope_samples
PRJNA486782,199,185,0.9296,199,185,0,0.9296,0,0,0,0,0,185,0,0,14,partial,Influence of early environmental factors on the establishment and development of gut microbiome composition and function and metabolomics profiles in infants at-risk of celiac disease,biosample,2024-12-01,False,199,0,171,catalog_scope_adequate_depth
PRJNA489090,429,372,0.8671,429,372,0,0.8671,0,0,0,0,0,372,0,17,40,partial,"Human infant gut metagenome, infant shotgun sequencing",biosample,2019-10-07,False,429,0,429,catalog_scope_adequate_depth
PRJNA489693,18,17,0.9444,18,17,0,0.9444,0,0,0,0,0,17,0,0,1,partial,Microbial Diversity of NICU Infant Feeding Tubes,biosample,2019-06-15,False,6,0,6,catalog_scope_adequate_depth
PRJNA497734,1154,1048,0.9081,1154,1048,0,0.9081,0,0,0,0,0,1048,0,1,105,partial,Longitudinal gut microbiome sequence data combined from several DIABIMMUNE microbiome studies,biosample,2018-10-22,False,1135,0,1135,catalog_scope_adequate_depth
PRJNA504891,50,45,0.9,50,45,0,0.9,0,0,0,0,0,45,0,0,5,partial,Metagenomic sequencing of stool samples from Ethiopian individuals,biosample,2018-11-10,False,50,0,25,catalog_scope_adequate_depth
PRJNA508395,13,0,0.0,13,0,0,0.0,0,0,0,13,0,0,0,0,0,none,Nanopore long read assembly of the human gut metagenome,biosample,2019-12-11,False,13,0,1,no_profiled_samples
PRJNA510445,1279,1152,0.9007,1279,1152,0,0.9007,0,0,0,0,0,1152,0,1,126,partial,The relationship of fecal microbiomes and nutritional status in cystic fibrosis,biosample,2019-11-14,False,1279,0,1279,catalog_scope_adequate_depth
PRJNA521878,64,43,0.6719,64,43,0,0.6719,0,0,0,0,0,43,0,17,4,partial,Gut metagenome of infants in the neonatal intensive care unit,biosample,2020-03-02,False,64,0,64,catalog_scope_adequate_depth
PRJNA524703,440,208,0.4727,249,144,83,0.5783,0,0,0,0,0,208,0,88,144,partial,Human infant gut virome,biosample,2020-01-06,False,249,0,207,catalog_scope_adequate_depth
PRJNA526942,4,0,0.0,4,0,0,0.0,0,0,0,0,0,0,0,4,0,none,"uncultured crAssphage strain:ZA | isolates :M186D4, C0521BW15,C0526BW15, C0521BD4, and C0531BW4",biosample,2020-08-15,False,4,0,0,no_profiled_samples
PRJNA529124,44,41,0.9318,44,41,0,0.9318,0,0,0,0,0,41,0,0,3,partial,Metagenomic sequencing of stool samples from Ghanaian individuals,biosample,2019-03-28,False,44,0,0,fallback:no_catalog_scope_samples
PRJNA529400,68,58,0.8529,68,58,0,0.8529,0,0,0,0,0,58,0,0,10,partial,Homo sapiens Metagenome,biosample,2019-03-30,False,68,0,0,fallback:no_catalog_scope_samples
PRJNA532310,46,44,0.9565,46,44,0,0.9565,0,0,0,0,0,44,0,0,2,partial,Infant gut metagenome,biosample,2020-04-21,False,46,0,46,catalog_scope_adequate_depth
PRJNA542703,30,27,0.9,30,27,0,0.9,0,0,0,0,0,27,0,0,3,partial,Whole genome metagenomic analysis of the gut microbiome of differently fed infants,biosample,2020-01-23,False,30,0,30,catalog_scope_adequate_depth
PRJNA543520,64,57,0.8906,64,57,0,0.8906,0,0,0,0,0,57,0,0,7,partial,Impact of intrapartum and postnatal antibiotics on the gut microbiome and emergence of antimicrobial resistance in infants,biosample,2019-07-27,False,64,0,64,catalog_scope_adequate_depth
PRJNA543967,126,110,0.873,126,110,0,0.873,0,0,0,0,0,110,0,0,16,partial,human gut metagenome Metagenome,biosample,2020-06-21,False,126,0,3,catalog_scope_adequate_depth
PRJNA544346,112,0,0.0,56,0,0,0.0,0,0,0,0,112,0,0,0,0,none,fecal sample collected healthy human Raw sequence reads,biosample,2021-01-04,False,28,0,0,no_profiled_samples
PRJNA549787,165,91,0.5515,165,91,0,0.5515,0,0,0,0,0,91,0,5,69,partial,"South African HIV-exposed, uninfected infant gut microbiomes",biosample,2019-11-01,False,165,0,165,catalog_scope_adequate_depth
PRJNA555020,20,12,0.6,8,6,0,0.75,0,0,0,0,0,12,0,0,8,partial,"Fecal microbiota in early life, annotated shotgun sequencing data",biosample,2019-09-14,False,8,0,8,catalog_scope_adequate_depth
PRJNA557731,191,115,0.6021,191,115,0,0.6021,0,0,0,0,0,115,0,69,7,partial,Bacterial colonization reprograms the neonatal gut metabolome,biosample,2019-08-02,False,191,0,191,catalog_scope_adequate_depth
PRJNA588513,942,852,0.9045,942,852,0,0.9045,0,0,0,0,0,852,0,0,90,partial,human gut metagenome Metagenome,biosample,2021-01-04,False,942,0,0,fallback:no_catalog_scope_samples
PRJNA592261,211,116,0.5498,211,116,0,0.5498,0,0,0,0,0,116,0,1,94,partial,Infant virome during the first year of life,biosample,2020-02-29,False,115,0,109,catalog_scope_adequate_depth
PRJNA595749,753,23,0.0305,753,23,0,0.0305,0,0,0,0,0,23,0,720,10,partial,"COSMIC2 - Persistence of birth mode-dependent effects on gut microbiome composition, immune system stimulation and antimicrobial resistance in the first year of life",biosample,2019-12-16,False,753,0,658,catalog_scope_adequate_depth
PRJNA606271,20,15,0.75,20,15,0,0.75,0,0,0,0,0,15,0,1,4,partial,Neonatal antibiotic exposure impairs child growth during the first six years of life,biosample,2020-09-18,False,20,0,20,catalog_scope_adequate_depth
PRJNA60717,18,18,1.0,1,1,0,1.0,0,0,0,0,0,18,0,0,0,full,Metagenomic analysis of infant stool sample,biosample,2012-09-12,False,1,0,1,catalog_scope_adequate_depth
PRJNA613032,20,8,0.4,12,6,0,0.5,0,0,0,0,0,8,0,1,11,partial,"Fecal microbiota in early life and effects of early life antibiotics, annotated shotgun sequencing data",biosample,2022-01-12,False,12,0,2,fallback:all_age_evidenced_profiled_samples_low_depth
PRJNA613054,32,0,0.0,20,8,0,0.4,0,0,0,0,0,0,0,22,10,partial,"Fecal resistome in early life and effects of early life antibiotics, annotated shotgun sequencing data",biosample,2022-01-12,False,20,0,20,catalog_scope_adequate_depth
PRJNA61745,43,0,0.0,27,0,0,0.0,0,0,0,4,39,0,0,0,0,none,Strain-resolved community genomic analysis of gut microbial colonization in a premature infant,biosample,2011-01-10,,27,0,27,no_profiled_samples
PRJNA629392,21,19,0.9048,21,19,0,0.9048,0,0,0,0,0,19,0,0,2,partial,Metabolic recovery with eculizumab precision therapy of CHAPLE disease,biosample,2020-05-01,False,3,0,3,catalog_scope_adequate_depth
PRJNA630999,293,270,0.9215,293,270,0,0.9215,0,0,0,0,0,270,0,1,22,partial,Premature infant microbiome Metagenome,biosample,2021-03-01,False,293,0,293,catalog_scope_adequate_depth
PRJNA633576,227,207,0.9119,227,207,0,0.9119,0,0,0,0,0,207,0,1,19,partial,"Metagenomic survey of the gut microbiome of term infants in the United States reveals widespread dysbiosis, absence of B. infantis, and high abundance of antibiotic resistance genes.",biosample,2021-03-01,False,227,0,227,catalog_scope_adequate_depth
PRJNA63661,3489,2590,0.7423,667,445,233,0.6672,0,0,0,419,0,2590,0,181,299,partial,Microbial composition of samples from infant gut,biosample,2011-08-02,False,667,0,474,catalog_scope_adequate_depth
PRJNA642723,2104,1916,0.9106,162,162,120,1.0,0,0,0,0,0,1916,0,0,188,full,Gut Microbiome and Metabolome in Atopic Eczema Infants,biosample,2021-01-17,False,162,0,0,fallback:no_catalog_scope_samples
PRJNA644725,150,100,0.6667,150,100,0,0.6667,0,0,0,0,0,100,0,1,49,partial,Metagenomic Sequencing of Stool Samples in Bangladeshi Infants: Virome Association with Poliovirus Shedding After Oral Poliovirus Vaccination,biosample,2020-07-10,False,150,0,0,fallback:no_catalog_scope_samples
PRJNA648487,94,86,0.9149,94,86,0,0.9149,0,0,0,0,0,86,0,0,8,partial,Factors associated with the microbiome in moderate-late preterm babies - the DIAMOND trial - Shotgun Metagenomic data,biosample,2020-07-26,False,94,0,94,catalog_scope_adequate_depth
PRJNA657818,263,226,0.8593,263,226,0,0.8593,0,0,0,0,0,226,0,0,37,partial,Delivery mode impacts newborn gut colonization efficiency,biosample,2020-11-18,False,166,0,166,catalog_scope_adequate_depth
PRJNA686821,128,118,0.9219,128,118,0,0.9219,0,0,0,0,0,118,0,0,10,partial,Shotgun metagenomics data from human stool microorganism Raw sequence reads,biosample,2021-08-30,False,128,0,0,fallback:no_catalog_scope_samples
PRJNA687137,15,6,0.4,15,6,0,0.4,0,0,0,0,0,6,0,9,0,partial,"SIgA binding bacteria in paired samples of maternal feces, breast milk, and infant feces",biosample,2022-01-02,,9,0,0,fallback:no_catalog_scope_samples
PRJNA688164,22,21,0.9545,22,21,0,0.9545,0,0,0,0,0,21,0,0,1,partial,Role of synbiotics to prevalence of LRTinfections in infants:gut metagenomic analysis,biosample,2021-01-05,False,22,0,22,catalog_scope_adequate_depth
PRJNA693793,304,39,0.1283,304,39,0,0.1283,0,0,0,0,0,39,0,0,265,partial,BaBel Infant Gut Virome Raw Data,biosample,2021-05-01,False,304,0,304,catalog_scope_adequate_depth
PRJNA695070,572,461,0.8059,572,461,0,0.8059,0,0,0,0,0,461,0,27,84,partial,Transmission and formation of microbiota in the ealry life,biosample,2021-04-01,False,572,0,572,catalog_scope_adequate_depth
PRJNA695570,1767,1614,0.9134,1767,1614,0,0.9134,0,0,0,0,0,1614,0,0,153,partial,Human gut metagenomes of healthy mothers and their children,biosample,2021-03-01,False,1299,0,763,catalog_scope_adequate_depth
PRJNA698986,819,743,0.9072,819,743,0,0.9072,0,0,0,0,0,743,0,3,73,partial,Early-life metagenomes from human infant fecal samples with matched maternal sample,biosample,2021-02-04,False,819,0,735,catalog_scope_adequate_depth
PRJNA701480,116,103,0.8879,116,103,0,0.8879,0,0,0,0,0,103,0,0,13,partial,Vaginal seeding in babies born by caesarean section (ECOBABe trial) - shotgun metagenomics data,biosample,2021-06-16,False,91,0,91,catalog_scope_adequate_depth
PRJNA701982,67,62,0.9254,67,62,0,0.9254,0,0,0,0,0,62,0,2,3,partial,Antibiotic-driven intestinal dysbiosis in paediatric SBS alters microbiome functions and is associated with gut-derived blood stream infections throughout childhood,biosample,2021-07-28,False,67,0,57,catalog_scope_adequate_depth
PRJNA706606,95,86,0.9053,95,86,0,0.9053,0,0,0,0,0,86,0,0,9,partial,Impact of Water Chlorination of Children's Gut Microbiomes in Bangladesh,biosample,2021-09-02,False,95,0,0,fallback:no_catalog_scope_samples
PRJNA707065,20,19,0.95,20,19,0,0.95,0,0,0,0,0,19,0,0,1,partial,NiPPeR Study - pilot microbiome investigation,biosample,2022-01-02,False,20,0,10,catalog_scope_adequate_depth
PRJNA715601,662,590,0.8912,662,590,0,0.8912,0,0,0,0,0,590,0,0,72,partial,COPSAC corhot study of infant gut microbiome,biosample,2021-04-02,False,662,0,662,catalog_scope_adequate_depth
PRJNA715615,11,0,0.0,11,0,0,0.0,0,0,0,0,0,0,0,11,0,none,Rural infant gut microbiota,biosample,2023-03-11,False,11,0,0,no_profiled_samples
PRJNA716780,254,228,0.8976,254,228,0,0.8976,0,0,0,0,0,228,0,1,25,partial,Mothers/children Metagenome,biosample,2022-04-04,False,169,0,37,catalog_scope_adequate_depth
PRJNA717139,18,17,0.9444,18,17,0,0.9444,0,0,0,0,0,17,0,0,1,partial,"Genetic and behavioral adaptation of Candida parapsilosis to the microbiome of hospitalized infants revealed by in situ genomics, transcriptomics and proteomics",biosample,2021-08-25,False,18,0,18,catalog_scope_adequate_depth
PRJNA725597,355,160,0.4507,355,160,0,0.4507,0,0,0,0,0,160,0,177,18,partial,The role of maternal exposures on commensal microbes,biosample,2021-05-07,False,111,0,0,fallback:no_catalog_scope_samples
PRJNA726032,40,34,0.85,40,34,0,0.85,0,0,0,0,0,34,0,0,6,partial,A synbiotic intervention modulates meta-omics signatures of gut redox potential and acidity in elective caesarean born infants,biosample,2022-06-20,False,40,0,0,fallback:no_catalog_scope_samples
PRJNA726052,132,120,0.9091,132,120,0,0.9091,0,0,0,0,0,120,0,0,12,partial,"Effects of drinking water chlorination on childrens intestinal flora and resistomes in Dhaka, Bangladesh: a cluster-randomized controlled trial",biosample,2021-10-02,False,132,0,0,fallback:no_catalog_scope_samples
PRJNA730640,40,34,0.85,40,34,0,0.85,0,0,0,0,0,34,0,0,6,partial,The composition of gut microbiota in biliary atresia,biosample,2021-05-20,False,40,0,0,fallback:no_catalog_scope_samples
PRJNA731529,13,13,1.0,1,1,0,1.0,0,0,0,0,0,13,0,0,0,full,Infant gut metagenome Metagenome,biosample,2022-06-20,False,1,0,0,fallback:no_catalog_scope_samples
PRJNA733860,47,0,0.0,47,0,0,0.0,0,0,0,0,0,0,0,47,0,none,Preterm infant fecal metagenome,biosample,2021-08-25,False,47,0,47,no_profiled_samples
PRJNA739008,434,396,0.9124,434,396,0,0.9124,0,0,0,0,0,396,0,5,33,partial,Effect of amoxicillin prophylaxis on gut microbiome and resistome for severe acute malnutrition in Niger,biosample,2023-07-31,False,434,0,0,fallback:no_catalog_scope_samples
PRJNA746509,5,4,0.8,5,4,0,0.8,0,0,0,0,0,4,0,0,1,partial,Gut microbiota in an infant with propionic acidemia before and after probiotic supplementation,biosample,2022-08-22,False,5,0,5,catalog_scope_adequate_depth
PRJNA747761,237,216,0.9114,237,216,0,0.9114,0,0,0,0,0,216,0,0,21,partial,"Atlanta, USA and Maputo, Mozambique Children gut microbiome Metagenome",biosample,2022-01-18,False,237,0,206,catalog_scope_adequate_depth
PRJNA748448,60,38,0.6333,60,38,0,0.6333,0,0,0,0,0,38,0,19,3,partial,Metagenomic WGS of Preterm Infant Skin and Stool,biosample,2021-07-22,False,12,0,12,catalog_scope_adequate_depth
PRJNA751712,94,0,0.0,94,0,0,0.0,0,0,0,0,94,0,0,0,0,none,To Probiotic or not to probiotic: using metagenomics to compare the gut microbiome of infants who fulfill probiotic-treatment criteria with those who do not.,run,2022-03-03,False,94,0,0,no_profiled_samples
PRJNA752686,42,38,0.9048,42,38,0,0.9048,0,0,0,0,0,38,0,0,4,partial,Metagenomic Profile of the Gut Microbiome of Preterm Infants and its Association to Infant's Diet,biosample,2022-09-03,False,42,0,42,catalog_scope_adequate_depth
PRJNA762668,33,17,0.5152,33,17,0,0.5152,0,0,0,0,0,17,0,12,4,partial,Longitudinal and comparative analysis of Tunisian newborns gut microbiota according to delivery mode,biosample,2022-04-08,False,33,0,33,catalog_scope_adequate_depth
PRJNA763908,66,60,0.9091,66,60,0,0.9091,0,0,0,0,0,60,0,0,6,partial,Intestinal flora sequencing of Chinese infants,biosample,2021-09-18,False,66,0,0,fallback:no_catalog_scope_samples
PRJNA770101,71,66,0.9296,71,66,0,0.9296,0,0,0,0,0,66,0,0,5,partial,the transmission of probio-m9 from mother to infant,biosample,2022-11-02,False,71,0,0,fallback:no_catalog_scope_samples
PRJNA772730,25,22,0.88,25,22,0,0.88,0,0,0,0,0,22,0,0,3,partial,The FOUNDATION Study: Hospital Formulation Of B. infantis EVC001 Utilized In The NICU To Demonstrate Tolerability In Our Preterm Neonates,biosample,2022-11-02,False,25,0,0,fallback:no_catalog_scope_samples
PRJNA774819,29,24,0.8276,29,24,0,0.8276,0,0,0,2,0,24,0,0,3,partial,Highly specialized carbohydrate metabolism capability in Bifidobacterium strain associated with intestinal barrier maturation in early preterm infants,biosample,2021-10-28,False,29,0,29,catalog_scope_adequate_depth
PRJNA776332,61,57,0.9344,61,57,0,0.9344,0,0,0,0,0,57,0,0,4,partial,Altered gut microbiome and fecal immune phenotype in early preterm infants with leaky gut,biosample,2021-11-03,False,61,0,61,catalog_scope_adequate_depth
PRJNA778397,75,72,0.96,75,72,0,0.96,0,0,0,0,0,72,0,0,3,partial,Fecal Metagenome Sequences of STRONG Kids 2 Birth Cohort Study,biosample,2022-05-02,False,75,0,75,catalog_scope_adequate_depth
PRJNA782810,264,2,0.0076,264,2,0,0.0076,0,0,0,0,0,2,0,262,0,partial,Exploring the species-level infant gut bacterial biodiversity through a meta-analysis and the formulation of an optimized culture medium,biosample,2022-10-27,False,264,0,0,fallback:no_catalog_scope_samples
PRJNA798191,51,44,0.8627,51,44,0,0.8627,0,0,0,0,0,44,0,0,7,partial,Bamboo microbiota study in infants,biosample,2022-02-15,False,51,0,51,catalog_scope_adequate_depth
PRJNA799247,2171,1932,0.8899,2171,1932,0,0.8899,0,0,0,0,0,1932,0,0,239,partial,Metagenomics of preterm infant stool,biosample,2023-07-25,False,2171,0,2171,catalog_scope_adequate_depth
PRJNA806984,1347,1233,0.9154,1347,1233,0,0.9154,0,0,0,0,0,1233,0,0,114,partial,"Microbiota and Health Study (Dhaka, Bangladesh)",biosample,2022-11-02,False,1347,0,1347,catalog_scope_adequate_depth
PRJNA807448,459,412,0.8976,459,412,0,0.8976,0,0,0,0,0,412,0,0,47,partial,The Antibiotics and Immune Responses Study,biosample,2025-01-21,False,459,0,459,catalog_scope_adequate_depth
PRJNA810575,44,41,0.9318,44,41,0,0.9318,0,0,0,0,0,41,0,0,3,partial,Metagenomes of maternal and infant faecal samples,biosample,2022-05-20,False,22,0,0,fallback:no_catalog_scope_samples
PRJNA812583,12,12,1.0,12,12,0,1.0,0,0,0,0,0,12,0,0,0,full,Strain-level metagenomics reveal microbial transfer from donor to infant after fecal microbiota transplantation of pregnant patient,biosample,2022-06-30,False,12,0,3,catalog_scope_adequate_depth
PRJNA819247,40,37,0.925,20,20,3,1.0,0,0,0,0,0,37,0,0,3,full,Infant gut microbiome Raw sequence reads,biosample,2022-04-01,False,20,0,20,catalog_scope_adequate_depth
PRJNA821542,918,848,0.9237,918,848,0,0.9237,0,0,0,0,0,848,0,0,70,partial,Longitudinal gut metagenomes from mothers and their infants in the EDIA study,biosample,2022-12-06,False,918,0,534,catalog_scope_adequate_depth
PRJNA821920,37,26,0.7027,37,26,0,0.7027,0,0,0,0,0,26,0,8,3,partial,Mental Health Screening for Babies. What can we learn from infant and caregiver behaviors during immunization appointments?,biosample,2022-04-09,False,37,0,37,catalog_scope_adequate_depth
PRJNA833139,43,38,0.8837,43,38,0,0.8837,0,0,0,0,0,38,0,0,5,partial,Gender-specific cross-generational microbial persistence of human gut microbes,biosample,2023-02-01,False,43,0,0,fallback:no_catalog_scope_samples
PRJNA834762,83,51,0.6145,83,51,0,0.6145,0,0,0,0,0,51,0,27,5,partial,LMIC human infant stool whole-genome shotgun metagenomic sequencing,biosample,2022-05-19,False,83,0,0,fallback:no_catalog_scope_samples
PRJNA835321,22,19,0.8636,22,19,0,0.8636,0,0,0,0,0,19,0,0,3,partial,Whole metagenome analysis of Infant gut and breast milk microbiota,biosample,2023-06-05,False,20,0,0,fallback:no_catalog_scope_samples
PRJNA835720,381,131,0.3438,298,131,77,0.4396,0,0,0,239,0,131,0,0,11,partial,Human feces Viral/Bacterial Metagenome,biosample,2024-05-26,False,27,0,0,fallback:no_catalog_scope_samples
PRJNA837236,14,11,0.7857,14,11,0,0.7857,0,0,0,0,0,11,0,1,2,partial,LMIC human infant stool whole-genome shotgun metagenomic sequencing to validate qPCR Metagenome,biosample,2022-05-19,False,14,0,0,fallback:no_catalog_scope_samples
PRJNA838575,2934,2665,0.9083,2934,2665,0,0.9083,0,0,0,0,0,2665,0,21,248,partial,CHILD Infant Stool Raw sequence reads,biosample,2022-12-07,False,2934,0,2934,catalog_scope_adequate_depth
PRJNA843963,177,0,0.0,177,0,0,0.0,0,0,0,0,0,0,0,2,175,none,CAGED: CAMPYLOBACTER GENOMICS AND ENVIRONMENTAL ENTERIC DYSFUNCTION,biosample,2025-01-24,False,138,0,0,no_profiled_samples
PRJNA844516,19,0,0.0,19,0,0,0.0,0,0,0,19,0,0,0,0,0,none,"Investigation of the Interrelationship among Mental, Physical and Intestinal Microbiota in Postpartum Mothers and Their Infants.",biosample,2023-08-27,False,19,0,0,no_profiled_samples
PRJNA845806,391,366,0.9361,131,131,23,1.0,0,0,0,0,0,366,0,3,22,full,Trial of Diet in Gestational Diabetes Mellitus: Metabolic Consequences to Mother and Offspring (CHOICE),biosample,2022-07-26,False,131,0,0,fallback:no_catalog_scope_samples
PRJNA850838,12,10,0.8333,12,10,0,0.8333,0,0,0,0,0,10,0,0,2,partial,Metagenomic analysis of intestinal oligosaccharides in infants,biosample,2022-06-29,False,12,0,12,catalog_scope_adequate_depth
PRJNA853174,22,20,0.9091,22,20,0,0.9091,0,0,0,0,0,20,0,0,2,partial,Infant gut microbiome changes and recovers after norovirus infection,biosample,2022-06-30,False,22,0,22,catalog_scope_adequate_depth
PRJNA858926,100,0,0.0,100,0,0,0.0,0,0,0,100,0,0,0,0,0,none,Microbiological analysis of breast milk and infant feces,biosample,2022-12-17,False,50,0,50,no_profiled_samples
PRJNA862908,151,144,0.9536,151,144,0,0.9536,0,0,0,0,0,144,0,0,7,partial,Human gut metagenome during and after enteric infection Metagenome,biosample,2023-08-27,False,151,0,0,fallback:no_catalog_scope_samples
PRJNA869587,9,0,0.0,9,0,0,0.0,0,0,0,0,0,0,0,3,6,none,human viral metagenome Metagenome,run,2022-08-26,False,8,0,0,no_profiled_samples
PRJNA870588,114,95,0.8333,114,95,0,0.8333,0,0,0,0,0,95,0,8,11,partial,Longitudinal metagenomic of preterm infants with cholestasis,biosample,2023-01-02,False,114,0,114,catalog_scope_adequate_depth
PRJNA872399,361,290,0.8033,361,290,0,0.8033,0,0,0,0,0,290,0,47,24,partial,Preterm infants at low risk for early-onset sepsis differ in early fecal microbiome assembly,biosample,2022-12-06,False,361,0,275,catalog_scope_adequate_depth
PRJNA884103,449,380,0.8463,449,380,0,0.8463,0,0,0,0,0,380,0,25,44,partial,Gut residence of bloodstream infection pathogens in the NICU,biosample,2023-06-05,False,449,0,449,catalog_scope_adequate_depth
PRJNA884688,109,100,0.9174,109,100,0,0.9174,0,0,0,0,0,100,0,2,7,partial,Human gut microbiota and protein source,biosample,2024-05-15,False,109,0,109,catalog_scope_adequate_depth
PRJNA889771,140,114,0.8143,140,114,0,0.8143,0,0,0,0,0,114,0,10,16,partial,"Raw reads of the microbiota of premature infant mouth, skin, and gut",biosample,2022-10-15,False,46,0,46,catalog_scope_adequate_depth
PRJNA893826,1,0,0.0,1,0,0,0.0,0,0,0,1,0,0,0,0,0,none,Culture-independent long read metagenomic diagnostics for genomic surveillance and infection control of pathogenic bacteria in clinical settings,biosample,2022-10-27,False,1,0,1,no_profiled_samples
PRJNA894152,80,0,0.0,57,0,0,0.0,0,0,0,80,0,0,0,0,0,none,Long read infant/young children fecal and environmental samples,biosample,2022-10-26,False,57,0,0,no_profiled_samples
PRJNA895372,28,27,0.9643,28,27,0,0.9643,0,0,0,0,0,27,0,0,1,partial,Microbiome function and neurodevelopment in Black infants: Vitamin B12 biosynthesis emerges as a key factor,biosample,2022-10-29,False,28,0,28,catalog_scope_adequate_depth
PRJNA898628,220,52,0.2364,220,52,0,0.2364,0,0,0,0,0,52,0,3,165,partial,PINGU Fecal samples Metagenome,biosample,2023-06-05,False,220,0,220,catalog_scope_adequate_depth
PRJNA900041,830,0,0.0,830,0,0,0.0,0,0,0,0,0,0,0,830,0,none,ITS Bifidobacteria human Gut,biosample,2022-11-15,False,830,0,0,no_profiled_samples
PRJNA900180,830,0,0.0,830,0,0,0.0,0,0,0,0,0,0,0,830,0,none,ITS Bifidobacteria human Gut #2,biosample,2022-11-15,False,830,0,830,no_profiled_samples
PRJNA903921,1033,890,0.8616,1033,890,0,0.8616,0,0,0,0,0,890,0,45,98,partial,Gut Mycobiome Maturation and Its Determinants during Infancy: A Comparison of Shotgun Metagenomic and ITS2 Amplicon-Based Sequencing Approaches,biosample,2023-11-02,False,1033,0,1033,catalog_scope_adequate_depth
PRJNA906107,156,144,0.9231,156,144,0,0.9231,0,0,0,0,0,144,0,0,12,partial,Characterizing microbiome dynamics among maternal and donor breastmilk and infants,biosample,2023-12-02,False,75,0,0,fallback:no_catalog_scope_samples
PRJNA911205,183,162,0.8852,183,162,0,0.8852,0,0,0,0,0,162,0,0,21,partial,Psychosocial adversity experienced in utero and early life is associated with variation in gut microbiota,biosample,2023-02-27,False,183,0,0,fallback:no_catalog_scope_samples
PRJNA916952,1144,449,0.3925,1144,449,0,0.3925,0,0,0,0,0,449,0,174,521,partial,Stanford's Outcomes Research in Kids (STORK) Virome,biosample,2023-01-03,False,1144,0,0,fallback:no_catalog_scope_samples
PRJNA927010,213,45,0.2113,213,45,0,0.2113,0,0,0,0,0,45,154,0,14,partial,PREVAIL Birth Cohort Infant Gut Metagenome,biosample,2023-01-28,False,213,0,213,catalog_scope_adequate_depth
PRJNA938144,63,61,0.9683,63,61,0,0.9683,0,0,0,0,0,61,0,0,2,partial,HOLA gut microbiome,biosample,2023-02-27,False,63,0,63,catalog_scope_adequate_depth
PRJNA945262,104,0,0.0,104,0,0,0.0,0,0,0,0,104,0,0,0,0,none,Neonatal Gut Microbiome in a mother child paired design,biosample,2023-04-14,False,104,0,104,no_profiled_samples
PRJNA947616,606,478,0.7888,606,478,0,0.7888,0,0,0,0,0,478,0,30,98,partial,Gut microbiome and bloodstream infections among premature infants in Singapore,biosample,2023-07-01,False,606,0,606,catalog_scope_adequate_depth
PRJNA949443,49,0,0.0,49,0,0,0.0,0,0,0,49,0,0,0,0,0,none,human gut metagenome Targeted Locus (Loci),biosample,2023-03-30,False,49,0,49,no_profiled_samples
PRJNA949528,183,168,0.918,183,168,0,0.918,0,0,0,0,0,168,0,0,15,partial,"Health programming, evolution of the infants microbiome",biosample,2023-04-01,False,143,0,143,catalog_scope_adequate_depth
PRJNA955235,190,179,0.9421,190,179,0,0.9421,0,0,0,0,0,179,0,0,11,partial,Persistent delay in maturation of the developing gut microbiome in infants with cystic fibrosis,biosample,2023-06-22,False,190,0,189,catalog_scope_adequate_depth
PRJNA961698,736,658,0.894,736,658,0,0.894,0,0,0,0,0,658,0,0,78,partial,Very Early Life Microbiome and Metabolome Correlates with Primary Vaccination Variability in Children,biosample,2023-08-19,False,736,0,659,catalog_scope_adequate_depth
PRJNA971895,209,195,0.933,209,195,0,0.933,0,0,0,0,0,195,0,1,13,partial,Resismet,biosample,2023-06-05,False,209,0,209,catalog_scope_adequate_depth
PRJNA978345,96,83,0.8646,96,83,0,0.8646,0,0,0,0,0,83,0,2,11,partial,Infant cystic fibrosis BAL and stool microbiome,biosample,2024-05-24,False,96,0,96,catalog_scope_adequate_depth
PRJNA979436,13,11,0.8462,13,11,0,0.8462,0,0,0,0,0,11,0,0,2,partial,Different development status of gut microbiome link to the dysbiosis of gut ecosystem in early childhood with atopic dermatitis,biosample,2023-06-12,False,13,0,13,catalog_scope_adequate_depth
PRJNA986854,65,61,0.9385,65,61,0,0.9385,0,0,0,0,0,61,0,0,4,partial,stool sample of paired mother-infant for 16S rRNA sequencing analysis,biosample,2025-05-01,False,65,0,0,fallback:no_catalog_scope_samples
PRJNA988496,273,216,0.7912,273,216,0,0.7912,0,0,0,0,0,216,0,33,24,partial,Delivery mode impacts gut bacteriophage colonization during infancy,biosample,2024-02-04,False,273,0,273,catalog_scope_adequate_depth
PRJNA991269,128,114,0.8906,128,114,0,0.8906,0,0,0,0,0,114,0,0,14,partial,Comparative characterization of the infant gut microbiome and their maternal lineage by a multi-omics approach,biosample,2024-03-24,False,128,0,0,fallback:no_catalog_scope_samples
PRJNA994433,80,10,0.125,80,10,0,0.125,0,0,0,0,0,10,0,0,70,partial,Longitudinal Variability of Bifidobacterium Species in the Infant Gut is Independent of Maternal Milk HMO Composition,biosample,2023-07-17,False,80,0,80,catalog_scope_adequate_depth
