study_accession,n_samples_study,n_catalog_scope,n_profiled,n_profiled_catalog_scope,n_samples_panel,n_profiled_age_infant,n_profiled_age_adult,n_profiled_age_unknown_or_other,n_low_depth_excluded_from_panel,frac_samples_profiled,panel_scope
PRJDA72415,80,22,60,16,16,21,0,39,0,0.75,catalog_scope_adequate_depth
PRJDB10675,53,0,48,0,0,0,0,48,0,0.9057,fallback:no_catalog_scope_samples
PRJDB33192,51,0,46,0,0,0,0,46,0,0.902,fallback:no_catalog_scope_samples
PRJDB4525,36,0,34,0,0,0,0,34,0,0.9444,fallback:no_catalog_scope_samples
PRJEB100868,744,744,0,0,0,0,0,0,0,0.0,no_profiled_samples
PRJEB101714,100,0,0,0,0,0,0,0,0,0.0,no_profiled_samples
PRJEB101960,107,107,0,0,0,0,0,0,0,0.0,no_profiled_samples
PRJEB102170,71,0,0,0,0,0,0,0,0,0.0,no_profiled_samples
PRJEB102491,176,0,0,0,0,0,0,0,0,0.0,no_profiled_samples
PRJEB106892,1851,675,1809,664,664,664,0,1145,0,0.9773,catalog_scope_adequate_depth
PRJEB108038,16,16,5,5,5,5,0,0,0,0.3125,catalog_scope_adequate_depth
PRJEB108612,5328,0,4603,0,0,0,0,4603,0,0.8639,fallback:no_catalog_scope_samples
PRJEB108678,572,284,519,269,269,269,240,10,0,0.9073,catalog_scope_adequate_depth
PRJEB10914,1016,8,0,0,0,0,0,0,0,0.0,no_profiled_samples
PRJEB110410,156,0,0,0,0,0,0,0,0,0.0,no_profiled_samples
PRJEB110894,365,365,0,0,0,0,0,0,0,0.0,no_profiled_samples
PRJEB111647,1441,543,0,0,0,0,0,0,0,0.0,no_profiled_samples
PRJEB112735,932,611,0,0,0,0,0,0,0,0.0,no_profiled_samples
PRJEB11419,7024,78,888,0,0,0,234,654,0,0.1264,fallback:no_age_evidenced_profiled_samples
PRJEB12669,19,15,16,13,13,13,0,3,0,0.8421,catalog_scope_adequate_depth
PRJEB14801,655,20,0,0,0,0,0,0,0,0.0,no_profiled_samples
PRJEB14935,3,3,2,2,2,2,0,0,0,0.6667,catalog_scope_adequate_depth
PRJEB14941,1118,104,0,0,0,0,0,0,0,0.0,no_profiled_samples
PRJEB14969,37,37,0,0,0,0,0,0,0,0.0,no_profiled_samples
PRJEB15257,15,15,13,13,13,13,0,0,0,0.8667,catalog_scope_adequate_depth
PRJEB15633,85,85,0,0,0,0,0,0,0,0.0,no_profiled_samples
PRJEB21259,28,0,24,0,0,0,0,24,0,0.8571,fallback:no_catalog_scope_samples
PRJEB22032,42,0,38,0,0,0,0,38,0,0.9048,fallback:no_catalog_scope_samples
PRJEB22207,17,0,4,0,0,0,0,4,0,0.2353,fallback:no_catalog_scope_samples
PRJEB23207,14,0,11,0,0,0,0,11,0,0.7857,fallback:no_catalog_scope_samples
PRJEB24006,25,25,22,22,22,22,0,0,0,0.88,catalog_scope_adequate_depth
PRJEB24041,212,0,186,0,0,0,0,186,0,0.8774,fallback:no_catalog_scope_samples
PRJEB24771,1392,1392,0,0,0,0,0,0,0,0.0,no_profiled_samples
PRJEB27325,402,402,0,0,0,0,0,0,0,0.0,no_profiled_samples
PRJEB2778,12,12,0,0,0,0,0,0,0,0.0,no_profiled_samples
PRJEB28671,1605,590,0,0,0,0,0,0,0,0.0,no_profiled_samples
PRJEB29052,184,0,168,0,0,0,0,168,0,0.913,fallback:no_catalog_scope_samples
PRJEB32135,156,156,135,135,135,135,0,0,0,0.8654,catalog_scope_adequate_depth
PRJEB32631,1679,1679,1518,1518,1518,1518,0,0,0,0.9041,catalog_scope_adequate_depth
PRJEB33013,61,0,56,0,0,0,0,56,0,0.918,fallback:no_catalog_scope_samples
PRJEB33847,8,0,8,0,0,0,0,8,0,1.0,fallback:no_catalog_scope_samples
PRJEB35919,20,20,0,0,0,0,0,0,0,0.0,no_profiled_samples
PRJEB36405,22,5,0,0,0,0,0,0,0,0.0,no_profiled_samples
PRJEB37883,379,379,18,18,18,18,0,0,0,0.0475,catalog_scope_adequate_depth
PRJEB39610,644,644,588,588,588,588,0,0,0,0.913,catalog_scope_adequate_depth
PRJEB41102,286,160,273,155,155,155,118,0,0,0.9545,catalog_scope_adequate_depth
PRJEB42045,16,0,15,0,0,0,0,15,0,0.9375,fallback:no_catalog_scope_samples
PRJEB42363,181,0,160,0,0,0,0,160,0,0.884,fallback:no_catalog_scope_samples
PRJEB45356,949,0,865,0,0,0,0,865,0,0.9115,fallback:no_catalog_scope_samples
PRJEB45443,338,0,293,0,0,0,0,293,0,0.8669,fallback:no_catalog_scope_samples
PRJEB45799,2394,218,2180,197,197,197,0,1983,0,0.9106,catalog_scope_adequate_depth
PRJEB46214,47,0,41,0,0,0,0,41,0,0.8723,fallback:no_catalog_scope_samples
PRJEB46659,49,0,46,0,0,0,0,46,0,0.9388,fallback:no_catalog_scope_samples
PRJEB46788,2750,0,2161,0,0,0,0,2161,0,0.7858,fallback:no_catalog_scope_samples
PRJEB46943,655,655,2,2,2,2,0,0,0,0.0031,catalog_scope_adequate_depth
PRJEB48251,205,205,198,198,198,198,0,0,0,0.9659,catalog_scope_adequate_depth
PRJEB49206,439,121,381,111,111,111,242,28,0,0.8679,catalog_scope_adequate_depth
PRJEB49383,2351,2351,2001,2001,1994,2001,0,0,7,0.8511,catalog_scope_adequate_depth
PRJEB50568,119,0,110,0,0,0,0,110,0,0.9244,fallback:no_catalog_scope_samples
PRJEB51728,875,859,864,848,848,848,0,16,0,0.9874,catalog_scope_adequate_depth
PRJEB52147,90,54,0,0,0,0,0,0,0,0.0,no_profiled_samples
PRJEB52295,43,0,40,0,0,0,0,40,0,0.9302,fallback:no_catalog_scope_samples
PRJEB52748,105,0,91,0,0,0,0,91,0,0.8667,fallback:no_catalog_scope_samples
PRJEB52774,477,332,425,298,298,298,127,0,0,0.891,catalog_scope_adequate_depth
PRJEB52938,614,0,458,0,0,0,0,458,0,0.7459,fallback:no_catalog_scope_samples
PRJEB53954,67,0,60,0,0,0,0,60,0,0.8955,fallback:no_catalog_scope_samples
PRJEB54707,80,80,71,71,71,71,0,0,0,0.8875,catalog_scope_adequate_depth
PRJEB54991,162,162,152,152,152,152,0,0,0,0.9383,catalog_scope_adequate_depth
PRJEB55713,55,0,51,0,0,0,0,51,0,0.9273,fallback:no_catalog_scope_samples
PRJEB55714,393,0,343,0,0,0,0,343,0,0.8728,fallback:no_catalog_scope_samples
PRJEB57911,58,0,54,0,0,0,0,54,0,0.931,fallback:no_catalog_scope_samples
PRJEB59728,22,0,14,0,0,0,0,14,0,0.6364,fallback:no_catalog_scope_samples
PRJEB62041,344,344,308,308,308,308,0,0,0,0.8953,catalog_scope_adequate_depth
PRJEB62690,1110,1110,1011,1011,1011,1011,0,0,0,0.9108,catalog_scope_adequate_depth
PRJEB62848,181,181,165,165,165,165,0,0,0,0.9116,catalog_scope_adequate_depth
PRJEB63183,170,0,151,0,0,0,0,151,0,0.8882,fallback:no_catalog_scope_samples
PRJEB63351,288,86,253,76,76,76,0,177,0,0.8785,catalog_scope_adequate_depth
PRJEB63570,928,0,828,0,0,0,0,828,0,0.8922,fallback:no_catalog_scope_samples
PRJEB6456,400,398,357,355,355,355,0,2,0,0.8925,catalog_scope_adequate_depth
PRJEB64567,35,28,32,25,25,25,0,7,0,0.9143,catalog_scope_adequate_depth
PRJEB66728,60,36,55,33,33,33,0,22,0,0.9167,catalog_scope_adequate_depth
PRJEB6921,772,0,151,0,0,0,0,151,0,0.1956,fallback:no_catalog_scope_samples
PRJEB6972,15,0,15,0,0,0,0,15,0,1.0,fallback:no_catalog_scope_samples
PRJEB70237,2664,2236,0,0,0,0,0,0,0,0.0,no_profiled_samples
PRJEB74322,155,155,141,141,141,141,0,0,0,0.9097,catalog_scope_adequate_depth
PRJEB74747,59,59,0,0,0,0,0,0,0,0.0,no_profiled_samples
PRJEB76913,35,35,26,26,26,26,0,0,0,0.7429,catalog_scope_adequate_depth
PRJEB77202,538,0,449,0,0,0,0,449,0,0.8346,fallback:no_catalog_scope_samples
PRJEB77729,89,89,81,81,81,81,0,0,0,0.9101,catalog_scope_adequate_depth
PRJEB79382,77,0,77,0,0,0,0,77,0,1.0,fallback:no_catalog_scope_samples
PRJEB79896,948,946,902,900,873,900,0,2,27,0.9515,catalog_scope_adequate_depth
PRJEB80456,12,0,11,0,0,0,0,11,0,0.9167,fallback:no_catalog_scope_samples
PRJEB82926,34,0,30,0,0,0,0,30,0,0.8824,fallback:no_catalog_scope_samples
PRJEB83236,770,385,85,84,84,84,0,1,0,0.1104,catalog_scope_adequate_depth
PRJEB83552,1674,1462,1384,1209,1208,1209,0,175,1,0.8268,catalog_scope_adequate_depth
PRJEB84376,1368,1368,56,56,55,56,0,0,1,0.0409,catalog_scope_adequate_depth
PRJEB84944,547,415,0,0,0,0,0,0,0,0.0,no_profiled_samples
PRJEB86954,51,23,45,21,21,21,23,1,0,0.8824,catalog_scope_adequate_depth
PRJEB87209,50,50,49,49,49,49,0,0,0,0.98,catalog_scope_adequate_depth
PRJEB89462,1366,1366,0,0,0,0,0,0,0,0.0,no_profiled_samples
PRJEB89491,929,808,0,0,0,0,0,0,0,0.0,no_profiled_samples
PRJEB9150,49,0,38,0,0,0,0,38,0,0.7755,fallback:no_catalog_scope_samples
PRJEB9403,1392,1392,121,121,121,121,0,0,0,0.0869,catalog_scope_adequate_depth
PRJEB97976,108,108,0,0,0,0,0,0,0,0.0,no_profiled_samples
PRJEB9818,235,0,0,0,0,0,0,0,0,0.0,no_profiled_samples
PRJNA1015704,148,0,143,0,0,0,0,143,0,0.9662,fallback:no_catalog_scope_samples
PRJNA1019702,497,334,328,290,290,290,0,38,0,0.66,catalog_scope_adequate_depth
PRJNA1029046,29,29,27,27,27,27,0,0,0,0.931,catalog_scope_adequate_depth
PRJNA1031773,624,0,497,0,0,0,0,497,0,0.7965,fallback:no_catalog_scope_samples
PRJNA1042647,180,180,140,140,140,140,0,0,0,0.7778,catalog_scope_adequate_depth
PRJNA1045584,655,0,424,0,0,0,0,424,0,0.6473,fallback:no_catalog_scope_samples
PRJNA1045596,436,117,429,116,116,116,0,313,0,0.9839,catalog_scope_adequate_depth
PRJNA1046438,467,0,424,0,0,0,424,0,0,0.9079,fallback:no_catalog_scope_samples
PRJNA1049511,1566,0,1322,0,0,0,0,1322,0,0.8442,fallback:no_catalog_scope_samples
PRJNA1051094,122,122,70,70,52,70,0,0,18,0.5738,catalog_scope_adequate_depth
PRJNA1055141,94,94,4,4,4,4,0,0,0,0.0426,catalog_scope_adequate_depth
PRJNA1056831,10,0,10,0,0,0,0,10,0,1.0,fallback:no_catalog_scope_samples
PRJNA1060349,1197,0,253,0,0,0,0,253,0,0.2114,fallback:no_catalog_scope_samples
PRJNA1062322,57,57,41,41,41,41,0,0,0,0.7193,catalog_scope_adequate_depth
PRJNA1065277,68,0,61,0,0,0,0,61,0,0.8971,fallback:no_catalog_scope_samples
PRJNA1067625,16,13,15,12,12,13,2,0,0,0.9375,catalog_scope_adequate_depth
PRJNA1072081,961,961,883,883,883,883,0,0,0,0.9188,catalog_scope_adequate_depth
PRJNA1076911,50,25,42,21,21,21,0,21,0,0.84,catalog_scope_adequate_depth
PRJNA1081952,1422,940,858,575,575,575,0,283,0,0.6034,catalog_scope_adequate_depth
PRJNA1085219,149,0,136,0,0,136,0,0,0,0.9128,fallback:no_catalog_scope_samples
PRJNA1086532,404,404,392,392,389,392,0,0,3,0.9703,catalog_scope_adequate_depth
PRJNA1086674,135,39,73,35,35,65,0,8,0,0.5407,catalog_scope_adequate_depth
PRJNA1087376,230,230,211,211,211,211,0,0,0,0.9174,catalog_scope_adequate_depth
PRJNA1095378,60,60,0,0,0,0,0,0,0,0.0,no_profiled_samples
PRJNA1102671,11,11,0,0,0,0,0,0,0,0.0,no_profiled_samples
PRJNA1105631,196,0,178,0,0,0,0,178,0,0.9082,fallback:no_catalog_scope_samples
PRJNA1106451,1,0,1,0,0,0,0,1,0,1.0,fallback:no_catalog_scope_samples
PRJNA1106565,669,669,603,603,603,603,0,0,0,0.9013,catalog_scope_adequate_depth
PRJNA1112760,64,64,0,0,0,0,0,0,0,0.0,no_profiled_samples
PRJNA1112983,202,0,182,0,0,0,0,182,0,0.901,fallback:no_catalog_scope_samples
PRJNA1113165,736,0,674,0,0,0,0,674,0,0.9158,fallback:no_catalog_scope_samples
PRJNA1123170,760,760,692,692,692,692,0,0,0,0.9105,catalog_scope_adequate_depth
PRJNA1128723,65,65,60,60,60,60,0,0,0,0.9231,catalog_scope_adequate_depth
PRJNA1128803,9,9,8,8,8,8,0,0,0,0.8889,catalog_scope_adequate_depth
PRJNA1130109,203,203,179,179,179,179,0,0,0,0.8818,catalog_scope_adequate_depth
PRJNA1138246,298,298,293,293,293,293,0,0,0,0.9832,catalog_scope_adequate_depth
PRJNA1139951,544,533,29,29,29,29,0,0,0,0.0533,catalog_scope_adequate_depth
PRJNA1140720,1163,0,935,0,0,0,0,935,0,0.804,fallback:no_catalog_scope_samples
PRJNA1141394,133,133,130,130,130,130,0,0,0,0.9774,catalog_scope_adequate_depth
PRJNA1143669,65,65,59,59,59,59,0,0,0,0.9077,catalog_scope_adequate_depth
PRJNA1145027,81,78,64,61,60,61,0,3,1,0.7901,catalog_scope_adequate_depth
PRJNA1148144,24,24,24,24,24,24,0,0,0,1.0,catalog_scope_adequate_depth
PRJNA1154644,94,0,92,0,0,0,0,92,0,0.9787,fallback:no_catalog_scope_samples
PRJNA1160256,21,0,21,0,0,0,0,21,0,1.0,fallback:no_catalog_scope_samples
PRJNA1162635,136,0,103,0,0,0,0,103,0,0.7574,fallback:no_catalog_scope_samples
PRJNA1166969,12,0,12,0,0,0,0,12,0,1.0,fallback:no_catalog_scope_samples
PRJNA1169661,152,0,150,0,0,0,0,150,0,0.9868,fallback:no_catalog_scope_samples
PRJNA1177813,126,42,114,36,36,36,0,78,0,0.9048,catalog_scope_adequate_depth
PRJNA1189459,89,0,77,0,0,0,0,77,0,0.8652,fallback:no_catalog_scope_samples
PRJNA1191223,92,92,90,90,90,90,0,0,0,0.9783,catalog_scope_adequate_depth
PRJNA1195013,44,0,44,0,0,0,0,44,0,1.0,fallback:no_catalog_scope_samples
PRJNA1198101,10,0,5,0,0,0,0,5,0,0.5,fallback:no_catalog_scope_samples
PRJNA1206145,108,108,108,108,108,108,0,0,0,1.0,catalog_scope_adequate_depth
PRJNA1217583,34,34,33,33,33,33,0,0,0,0.9706,catalog_scope_adequate_depth
PRJNA1222487,95,95,0,0,0,0,0,0,0,0.0,no_profiled_samples
PRJNA1225421,210,0,209,0,0,0,0,209,0,0.9952,fallback:no_catalog_scope_samples
PRJNA1227883,112,80,101,77,77,77,0,24,0,0.9018,catalog_scope_adequate_depth
PRJNA1230889,108,108,0,0,0,0,0,0,0,0.0,no_profiled_samples
PRJNA1231247,40,40,39,39,39,39,0,0,0,0.975,catalog_scope_adequate_depth
PRJNA1233922,38,0,37,0,0,0,0,37,0,0.9737,fallback:no_catalog_scope_samples
PRJNA1241499,30,0,0,0,0,0,0,0,0,0.0,no_profiled_samples
PRJNA1249435,315,77,0,0,0,0,0,0,0,0.0,no_profiled_samples
PRJNA1257550,1737,0,1450,0,0,0,0,1450,0,0.8348,fallback:no_catalog_scope_samples
PRJNA1258733,156,156,0,0,0,0,0,0,0,0.0,no_profiled_samples
PRJNA1259152,1252,0,1233,0,0,0,0,1233,0,0.9848,fallback:no_catalog_scope_samples
PRJNA1260441,20,20,0,0,0,0,0,0,0,0.0,no_profiled_samples
PRJNA1260751,26,26,26,26,26,26,0,0,0,1.0,catalog_scope_adequate_depth
PRJNA1273620,325,0,317,0,0,0,0,317,0,0.9754,fallback:no_catalog_scope_samples
PRJNA1274040,1000,1000,0,0,0,0,0,0,0,0.0,no_profiled_samples
PRJNA1274602,20,20,20,20,20,20,0,0,0,1.0,catalog_scope_adequate_depth
PRJNA1274946,353,0,331,0,0,0,0,331,0,0.9377,fallback:no_catalog_scope_samples
PRJNA1280936,895,829,870,807,807,807,63,0,0,0.9721,catalog_scope_adequate_depth
PRJNA1286160,247,203,240,196,196,196,44,0,0,0.9717,catalog_scope_adequate_depth
PRJNA1290379,261,261,221,221,221,221,0,0,0,0.8467,catalog_scope_adequate_depth
PRJNA1301887,517,0,0,0,0,0,0,0,0,0.0,no_profiled_samples
PRJNA1304237,22,22,21,21,21,21,0,0,0,0.9545,catalog_scope_adequate_depth
PRJNA1305341,250,250,0,0,0,0,0,0,0,0.0,no_profiled_samples
PRJNA1312123,272,0,42,0,0,0,0,42,0,0.1544,fallback:no_catalog_scope_samples
PRJNA1320699,90,90,0,0,0,0,0,0,0,0.0,no_profiled_samples
PRJNA1337172,168,0,161,0,0,118,0,43,0,0.9583,fallback:no_catalog_scope_samples
PRJNA1337442,450,0,0,0,0,0,0,0,0,0.0,no_profiled_samples
PRJNA1348516,809,809,0,0,0,0,0,0,0,0.0,no_profiled_samples
PRJNA1355224,151,151,0,0,0,0,0,0,0,0.0,no_profiled_samples
PRJNA1356541,511,0,496,0,0,0,0,496,0,0.9706,fallback:no_catalog_scope_samples
PRJNA1364313,361,361,356,356,351,356,0,0,5,0.9861,catalog_scope_adequate_depth
PRJNA1368374,191,0,187,0,0,0,0,187,0,0.9791,fallback:no_catalog_scope_samples
PRJNA1378986,1454,1454,0,0,0,0,0,0,0,0.0,no_profiled_samples
PRJNA1403004,1018,0,963,0,0,0,0,963,0,0.946,fallback:no_catalog_scope_samples
PRJNA1404625,835,835,0,0,0,0,0,0,0,0.0,no_profiled_samples
PRJNA1406796,30,0,29,0,0,29,0,0,0,0.9667,fallback:no_catalog_scope_samples
PRJNA1413407,108,108,107,107,107,107,0,0,0,0.9907,catalog_scope_adequate_depth
PRJNA1414141,90,90,0,0,0,0,0,0,0,0.0,no_profiled_samples
PRJNA1425751,383,383,0,0,0,0,0,0,0,0.0,no_profiled_samples
PRJNA1428929,120,120,0,0,0,0,0,0,0,0.0,no_profiled_samples
PRJNA1435557,13,0,0,0,0,0,0,0,0,0.0,no_profiled_samples
PRJNA1445880,740,0,0,0,0,0,0,0,0,0.0,no_profiled_samples
PRJNA1445932,398,398,0,0,0,0,0,0,0,0.0,no_profiled_samples
PRJNA1452547,299,299,0,0,0,0,0,0,0,0.0,no_profiled_samples
PRJNA1452619,159,0,0,0,0,0,0,0,0,0.0,no_profiled_samples
PRJNA1468137,4749,0,0,0,0,0,0,0,0,0.0,no_profiled_samples
PRJNA1472032,33,0,0,0,0,0,0,0,0,0.0,no_profiled_samples
PRJNA1476247,174,0,0,0,0,0,0,0,0,0.0,no_profiled_samples
PRJNA1490646,319,0,0,0,0,0,0,0,0,0.0,no_profiled_samples
PRJNA1502892,390,390,0,0,0,0,0,0,0,0.0,no_profiled_samples
PRJNA1504428,685,0,0,0,0,0,0,0,0,0.0,no_profiled_samples
PRJNA1513446,44,44,0,0,0,0,0,0,0,0.0,no_profiled_samples
PRJNA1513833,5,0,0,0,0,0,0,0,0,0.0,no_profiled_samples
PRJNA215102,1,1,1,1,1,1,0,0,0,1.0,catalog_scope_adequate_depth
PRJNA215106,22,10,1,0,0,0,1,0,0,0.0455,fallback:no_age_evidenced_profiled_samples
PRJNA221723,2,2,2,2,2,2,0,0,0,1.0,catalog_scope_adequate_depth
PRJNA231909,124,0,124,0,0,0,0,124,0,1.0,fallback:no_catalog_scope_samples
PRJNA268964,58,2,56,1,1,1,0,55,0,0.9655,catalog_scope_adequate_depth
PRJNA272371,12,4,12,4,4,4,0,8,0,1.0,catalog_scope_adequate_depth
PRJNA273761,60,60,56,56,56,56,0,0,0,0.9333,catalog_scope_adequate_depth
PRJNA284162,48,48,0,0,0,0,0,0,0,0.0,no_profiled_samples
PRJNA287207,2,0,2,0,0,0,0,2,0,1.0,fallback:no_catalog_scope_samples
PRJNA290380,785,769,716,703,703,703,13,0,0,0.9121,catalog_scope_adequate_depth
PRJNA294605,158,158,138,138,138,138,0,0,0,0.8734,catalog_scope_adequate_depth
PRJNA296814,1063,747,982,694,694,982,0,0,0,0.9238,catalog_scope_adequate_depth
PRJNA299342,11,11,10,10,10,10,0,0,0,0.9091,catalog_scope_adequate_depth
PRJNA300541,191,26,179,24,24,24,155,0,0,0.9372,catalog_scope_adequate_depth
PRJNA301903,403,403,353,353,353,353,0,0,0,0.8759,catalog_scope_adequate_depth
PRJNA311208,11,0,11,0,0,0,0,11,0,1.0,fallback:no_catalog_scope_samples
PRJNA312041,1,0,0,0,0,0,0,0,0,0.0,no_profiled_samples
PRJNA320015,2,0,2,0,0,0,0,2,0,1.0,fallback:no_catalog_scope_samples
PRJNA322188,99,49,74,39,39,39,0,35,0,0.7475,catalog_scope_adequate_depth
PRJNA327106,45,37,45,37,37,45,0,0,0,1.0,catalog_scope_adequate_depth
PRJNA339914,24,8,15,8,8,8,0,7,0,0.625,catalog_scope_adequate_depth
PRJNA343008,48,24,1,1,0,1,0,0,1,0.0208,fallback:all_age_evidenced_profiled_samples_low_depth
PRJNA343144,1,1,0,0,0,0,0,0,0,0.0,no_profiled_samples
PRJNA345144,646,646,564,564,563,564,0,0,1,0.8731,catalog_scope_adequate_depth
PRJNA352475,230,119,126,90,90,99,0,27,0,0.5478,catalog_scope_adequate_depth
PRJNA363003,27,0,26,0,0,0,0,26,0,0.963,fallback:no_catalog_scope_samples
PRJNA376566,407,407,351,351,351,351,0,0,0,0.8624,catalog_scope_adequate_depth
PRJNA379120,65,52,54,46,46,46,7,1,0,0.8308,catalog_scope_adequate_depth
PRJNA380031,3,0,3,0,0,0,0,3,0,1.0,fallback:no_catalog_scope_samples
PRJNA384716,96,64,75,58,58,58,0,17,0,0.7812,catalog_scope_adequate_depth
PRJNA385126,40,40,1,1,0,1,0,0,1,0.025,fallback:all_age_evidenced_profiled_samples_low_depth
PRJNA387903,220,0,0,0,0,0,0,0,0,0.0,no_profiled_samples
PRJNA390646,60,60,53,53,53,53,0,0,0,0.8833,catalog_scope_adequate_depth
PRJNA394687,27,0,27,0,0,0,0,27,0,1.0,fallback:no_catalog_scope_samples
PRJNA396794,305,305,275,275,275,275,0,0,0,0.9016,catalog_scope_adequate_depth
PRJNA398089,2041,0,1221,0,0,0,0,1221,0,0.5982,fallback:no_catalog_scope_samples
PRJNA400115,12266,0,0,0,0,0,0,0,0,0.0,no_profiled_samples
PRJNA413160,16,0,15,0,0,0,0,15,0,0.9375,fallback:no_catalog_scope_samples
PRJNA413162,19,19,18,18,18,18,0,0,0,0.9474,catalog_scope_adequate_depth
PRJNA417283,86,0,80,0,0,0,0,80,0,0.9302,fallback:no_catalog_scope_samples
PRJNA417343,269,269,237,237,237,237,0,0,0,0.881,catalog_scope_adequate_depth
PRJNA422569,31,31,25,25,20,25,0,0,5,0.8065,catalog_scope_adequate_depth
PRJNA433393,14,12,13,11,11,11,0,2,0,0.9286,catalog_scope_adequate_depth
PRJNA436562,46,46,41,41,41,41,0,0,0,0.8913,catalog_scope_adequate_depth
PRJNA46337,827,827,0,0,0,0,0,0,0,0.0,no_profiled_samples
PRJNA473126,402,402,204,204,204,204,0,0,0,0.5075,catalog_scope_adequate_depth
PRJNA475246,286,170,228,125,123,125,0,103,2,0.7972,catalog_scope_adequate_depth
PRJNA477357,116,0,78,0,0,0,0,78,0,0.6724,fallback:no_catalog_scope_samples
PRJNA482729,24,0,20,0,0,0,0,20,0,0.8333,fallback:no_catalog_scope_samples
PRJNA484151,10,0,1,0,0,0,0,1,0,0.1,fallback:no_catalog_scope_samples
PRJNA485056,112,0,96,0,0,0,0,96,0,0.8571,fallback:no_catalog_scope_samples
PRJNA486782,199,171,185,159,159,159,0,26,0,0.9296,catalog_scope_adequate_depth
PRJNA489090,429,429,372,372,372,372,0,0,0,0.8671,catalog_scope_adequate_depth
PRJNA489693,18,6,17,6,6,17,0,0,0,0.9444,catalog_scope_adequate_depth
PRJNA497734,1154,1135,1048,1030,1030,1030,18,0,0,0.9081,catalog_scope_adequate_depth
PRJNA504891,50,25,45,22,22,22,0,23,0,0.9,catalog_scope_adequate_depth
PRJNA508395,13,1,0,0,0,0,0,0,0,0.0,no_profiled_samples
PRJNA510445,1279,1279,1152,1152,1152,1152,0,0,0,0.9007,catalog_scope_adequate_depth
PRJNA521878,64,64,43,43,43,43,0,0,0,0.6719,catalog_scope_adequate_depth
PRJNA524703,249,207,144,134,130,134,0,10,4,0.5783,catalog_scope_adequate_depth
PRJNA526942,4,0,0,0,0,0,0,0,0,0.0,no_profiled_samples
PRJNA529124,44,0,41,0,0,0,0,41,0,0.9318,fallback:no_catalog_scope_samples
PRJNA529400,68,0,58,0,0,0,0,58,0,0.8529,fallback:no_catalog_scope_samples
PRJNA532310,46,46,44,44,44,44,0,0,0,0.9565,catalog_scope_adequate_depth
PRJNA542703,30,30,27,27,27,27,0,0,0,0.9,catalog_scope_adequate_depth
PRJNA543520,64,64,57,57,57,57,0,0,0,0.8906,catalog_scope_adequate_depth
PRJNA543967,126,3,110,3,3,3,0,107,0,0.873,catalog_scope_adequate_depth
PRJNA544346,56,0,0,0,0,0,0,0,0,0.0,no_profiled_samples
PRJNA549787,165,165,91,91,91,91,0,0,0,0.5515,catalog_scope_adequate_depth
PRJNA555020,8,8,6,6,2,6,0,0,4,0.75,catalog_scope_adequate_depth
PRJNA557731,191,191,115,115,115,115,0,0,0,0.6021,catalog_scope_adequate_depth
PRJNA588513,942,0,852,0,0,0,0,852,0,0.9045,fallback:no_catalog_scope_samples
PRJNA592261,211,109,116,42,33,112,0,4,9,0.5498,catalog_scope_adequate_depth
PRJNA595749,753,658,23,23,23,23,0,0,0,0.0305,catalog_scope_adequate_depth
PRJNA606271,20,20,15,15,15,15,0,0,0,0.75,catalog_scope_adequate_depth
PRJNA60717,1,1,1,1,1,1,0,0,0,1.0,catalog_scope_adequate_depth
PRJNA613032,12,2,6,1,0,1,0,5,1,0.5,fallback:all_age_evidenced_profiled_samples_low_depth
PRJNA613054,20,20,8,8,5,8,0,0,3,0.4,catalog_scope_adequate_depth
PRJNA61745,27,27,0,0,0,0,0,0,0,0.0,no_profiled_samples
PRJNA629392,21,3,19,3,3,3,16,0,0,0.9048,catalog_scope_adequate_depth
PRJNA630999,293,293,270,270,269,270,0,0,1,0.9215,catalog_scope_adequate_depth
PRJNA633576,227,227,207,207,207,207,0,0,0,0.9119,catalog_scope_adequate_depth
PRJNA63661,667,474,445,445,436,445,0,0,9,0.6672,catalog_scope_adequate_depth
PRJNA642723,162,0,162,0,0,0,0,162,0,1.0,fallback:no_catalog_scope_samples
PRJNA644725,150,0,100,0,0,0,0,100,0,0.6667,fallback:no_catalog_scope_samples
PRJNA648487,94,94,86,86,86,86,0,0,0,0.9149,catalog_scope_adequate_depth
PRJNA657818,263,166,226,139,120,139,0,87,19,0.8593,catalog_scope_adequate_depth
PRJNA686821,128,0,118,0,0,0,0,118,0,0.9219,fallback:no_catalog_scope_samples
PRJNA687137,15,0,6,0,0,0,0,6,0,0.4,fallback:no_catalog_scope_samples
PRJNA688164,22,22,21,21,21,21,0,0,0,0.9545,catalog_scope_adequate_depth
PRJNA693793,304,304,39,39,33,39,0,0,6,0.1283,catalog_scope_adequate_depth
PRJNA695070,572,572,461,461,431,461,0,0,30,0.8059,catalog_scope_adequate_depth
PRJNA695570,1767,763,1614,698,698,698,438,478,0,0.9134,catalog_scope_adequate_depth
PRJNA698986,819,735,743,670,670,670,0,73,0,0.9072,catalog_scope_adequate_depth
PRJNA701480,116,91,103,79,79,79,24,0,0,0.8879,catalog_scope_adequate_depth
PRJNA701982,67,57,62,52,52,52,0,10,0,0.9254,catalog_scope_adequate_depth
PRJNA706606,95,0,86,0,0,0,0,86,0,0.9053,fallback:no_catalog_scope_samples
PRJNA707065,20,10,19,9,9,9,0,10,0,0.95,catalog_scope_adequate_depth
PRJNA715601,662,662,590,590,590,590,0,0,0,0.8912,catalog_scope_adequate_depth
PRJNA715615,11,0,0,0,0,0,0,0,0,0.0,no_profiled_samples
PRJNA716780,254,37,228,35,35,35,76,117,0,0.8976,catalog_scope_adequate_depth
PRJNA717139,18,18,17,17,17,17,0,0,0,0.9444,catalog_scope_adequate_depth
PRJNA725597,355,0,160,0,0,0,0,160,0,0.4507,fallback:no_catalog_scope_samples
PRJNA726032,40,0,34,0,0,0,0,34,0,0.85,fallback:no_catalog_scope_samples
PRJNA726052,132,0,120,0,0,0,0,120,0,0.9091,fallback:no_catalog_scope_samples
PRJNA730640,40,0,34,0,0,0,0,34,0,0.85,fallback:no_catalog_scope_samples
PRJNA731529,1,0,1,0,0,0,0,1,0,1.0,fallback:no_catalog_scope_samples
PRJNA733860,47,47,0,0,0,0,0,0,0,0.0,no_profiled_samples
PRJNA739008,434,0,396,0,0,0,0,396,0,0.9124,fallback:no_catalog_scope_samples
PRJNA746509,5,5,4,4,4,4,0,0,0,0.8,catalog_scope_adequate_depth
PRJNA747761,237,206,216,188,188,188,0,28,0,0.9114,catalog_scope_adequate_depth
PRJNA748448,60,12,38,10,10,38,0,0,0,0.6333,catalog_scope_adequate_depth
PRJNA751712,94,0,0,0,0,0,0,0,0,0.0,no_profiled_samples
PRJNA752686,42,42,38,38,38,38,0,0,0,0.9048,catalog_scope_adequate_depth
PRJNA762668,33,33,17,17,17,17,0,0,0,0.5152,catalog_scope_adequate_depth
PRJNA763908,66,0,60,0,0,0,0,60,0,0.9091,fallback:no_catalog_scope_samples
PRJNA770101,71,0,66,0,0,0,0,66,0,0.9296,fallback:no_catalog_scope_samples
PRJNA772730,25,0,22,0,0,0,0,22,0,0.88,fallback:no_catalog_scope_samples
PRJNA774819,29,29,24,24,24,24,0,0,0,0.8276,catalog_scope_adequate_depth
PRJNA776332,61,61,57,57,57,57,0,0,0,0.9344,catalog_scope_adequate_depth
PRJNA778397,75,75,72,72,72,72,0,0,0,0.96,catalog_scope_adequate_depth
PRJNA782810,264,0,2,0,0,0,0,2,0,0.0076,fallback:no_catalog_scope_samples
PRJNA798191,51,51,44,44,44,44,0,0,0,0.8627,catalog_scope_adequate_depth
PRJNA806984,1347,1347,1233,1233,1233,1233,0,0,0,0.9154,catalog_scope_adequate_depth
PRJNA807448,459,459,412,412,412,412,0,0,0,0.8976,catalog_scope_adequate_depth
PRJNA810575,44,0,41,0,0,0,0,41,0,0.9318,fallback:no_catalog_scope_samples
PRJNA812583,12,3,12,3,3,3,0,9,0,1.0,catalog_scope_adequate_depth
PRJNA819247,20,20,20,20,20,20,0,0,0,1.0,catalog_scope_adequate_depth
PRJNA821542,918,534,848,498,497,498,0,350,1,0.9237,catalog_scope_adequate_depth
PRJNA821920,37,37,26,26,26,26,0,0,0,0.7027,catalog_scope_adequate_depth
PRJNA833139,43,0,38,0,0,0,0,38,0,0.8837,fallback:no_catalog_scope_samples
PRJNA834762,83,0,51,0,0,0,0,51,0,0.6145,fallback:no_catalog_scope_samples
PRJNA835321,22,0,19,0,0,0,0,19,0,0.8636,fallback:no_catalog_scope_samples
PRJNA835720,298,0,131,0,0,0,119,12,0,0.4396,fallback:no_catalog_scope_samples
PRJNA837236,14,0,11,0,0,0,0,11,0,0.7857,fallback:no_catalog_scope_samples
PRJNA838575,2934,2934,2665,2665,2665,2665,0,0,0,0.9083,catalog_scope_adequate_depth
PRJNA843963,177,0,0,0,0,0,0,0,0,0.0,no_profiled_samples
PRJNA844516,19,0,0,0,0,0,0,0,0,0.0,no_profiled_samples
PRJNA845806,131,0,131,0,0,0,0,131,0,1.0,fallback:no_catalog_scope_samples
PRJNA850838,12,12,10,10,10,10,0,0,0,0.8333,catalog_scope_adequate_depth
PRJNA853174,22,22,20,20,20,20,0,0,0,0.9091,catalog_scope_adequate_depth
PRJNA858926,100,50,0,0,0,0,0,0,0,0.0,no_profiled_samples
PRJNA862908,151,0,144,0,0,0,0,144,0,0.9536,fallback:no_catalog_scope_samples
PRJNA869587,9,0,0,0,0,0,0,0,0,0.0,no_profiled_samples
PRJNA870588,114,114,95,95,95,95,0,0,0,0.8333,catalog_scope_adequate_depth
PRJNA872399,361,275,290,220,218,220,0,70,2,0.8033,catalog_scope_adequate_depth
PRJNA884103,449,449,380,380,379,380,0,0,1,0.8463,catalog_scope_adequate_depth
PRJNA884688,109,109,100,100,100,100,0,0,0,0.9174,catalog_scope_adequate_depth
PRJNA889771,140,46,114,39,39,114,0,0,0,0.8143,catalog_scope_adequate_depth
PRJNA893826,1,1,0,0,0,0,0,0,0,0.0,no_profiled_samples
PRJNA894152,57,0,0,0,0,0,0,0,0,0.0,no_profiled_samples
PRJNA895372,28,28,27,27,27,27,0,0,0,0.9643,catalog_scope_adequate_depth
PRJNA898628,220,220,52,52,52,52,0,0,0,0.2364,catalog_scope_adequate_depth
PRJNA900041,830,0,0,0,0,0,0,0,0,0.0,no_profiled_samples
PRJNA900180,830,830,0,0,0,0,0,0,0,0.0,no_profiled_samples
PRJNA903921,1033,1033,890,890,890,890,0,0,0,0.8616,catalog_scope_adequate_depth
PRJNA906107,156,0,144,0,0,0,0,144,0,0.9231,fallback:no_catalog_scope_samples
PRJNA911205,183,0,162,0,0,0,0,162,0,0.8852,fallback:no_catalog_scope_samples
PRJNA916952,1144,0,449,0,0,0,0,449,0,0.3925,fallback:no_catalog_scope_samples
PRJNA927010,213,213,45,45,45,45,0,0,0,0.2113,catalog_scope_adequate_depth
PRJNA938144,63,63,61,61,61,61,0,0,0,0.9683,catalog_scope_adequate_depth
PRJNA945262,104,104,0,0,0,0,0,0,0,0.0,no_profiled_samples
PRJNA947616,606,606,478,478,474,478,0,0,4,0.7888,catalog_scope_adequate_depth
PRJNA949443,49,49,0,0,0,0,0,0,0,0.0,no_profiled_samples
PRJNA949528,183,143,168,131,131,131,37,0,0,0.918,catalog_scope_adequate_depth
PRJNA955235,190,189,179,178,178,178,0,1,0,0.9421,catalog_scope_adequate_depth
PRJNA961698,736,659,658,592,592,592,0,66,0,0.894,catalog_scope_adequate_depth
PRJNA971895,209,209,195,195,195,195,0,0,0,0.933,catalog_scope_adequate_depth
PRJNA978345,96,96,83,83,83,83,0,0,0,0.8646,catalog_scope_adequate_depth
PRJNA979436,13,13,11,11,11,11,0,0,0,0.8462,catalog_scope_adequate_depth
PRJNA986854,65,0,61,0,0,0,0,61,0,0.9385,fallback:no_catalog_scope_samples
PRJNA988496,273,273,216,216,216,216,0,0,0,0.7912,catalog_scope_adequate_depth
PRJNA991269,128,0,114,0,0,0,0,114,0,0.8906,fallback:no_catalog_scope_samples
PRJNA994433,80,80,10,10,10,10,0,0,0,0.125,catalog_scope_adequate_depth
PRJEB90577,631,631,342,342,342,342,0,0,0,0.542,catalog_scope_adequate_depth
PRJNA799247,2171,2103,1932,1901,1891,1932,0,0,10,0.8899,catalog_scope_adequate_depth
PRJNA1082298,2,0,2,0,0,0,0,2,0,1.0,fallback:no_catalog_scope_samples
