study_accession,probiotic_exposure,preterm_status,gestational_age_weeks,delivery_mode,feeding_mode,antibiotic_exposure,age_at_collection_days,birth_weight_grams,country,maternal_antibiotics,hmo_supplementation,nec_status,health_condition,multiple_birth,sibling_in_study,geo_subregion
PRJDA72415,0.0,0.0,0.0,0.0,0.0,0.0,0.23529411764705882,0.0,0.0,0.0,0.0,0.0,0.0,0.0,0.0,0.0
PRJDB10675,0.0,0.0,0.0,0.0,0.0,0.0,0.0,0.0,1.0,0.0,0.0,0.0,0.0,0.0,0.0,0.0
PRJDB33192,0.0,0.0,0.0,0.0,0.0,0.0,0.0,0.0,0.0,0.0,0.0,0.0,0.0,0.0,0.0,0.7254901960784313
PRJDB4525,0.0,0.0,0.0,0.0,0.0,0.0,0.0,0.0,1.0,0.0,0.0,0.0,0.0,0.0,0.0,0.6111111111111112
PRJEB100868,0.0,1.0,0.0,0.0,0.0,0.0,0.0,0.0,1.0,0.0,0.0,0.0,0.0,0.0,0.0,0.0
PRJEB101714,0.0,0.0,0.0,1.0,0.96,0.0,0.0,0.0,1.0,0.0,0.0,0.0,0.0,0.0,0.0,0.0
PRJEB101960,0.0,0.0,0.0,0.0,0.0,0.0,0.0,0.0,1.0,0.0,0.0,0.0,0.0,0.0,0.0,0.0
PRJEB102170,0.0,0.0,0.0,0.0,0.0,0.0,0.0,0.0,1.0,0.0,0.0,0.0,0.0,0.0,0.0,0.0
PRJEB102491,0.0,0.0,0.0,0.0,0.0,0.0,0.0,0.0,1.0,0.0,0.0,0.0,0.0,0.0,0.0,0.0
PRJEB106892,0.0,0.0,0.0,0.0,0.0,0.0,0.3646677471636953,0.0,0.0,0.0,0.0,0.0,0.0,0.0,0.0,0.0
PRJEB108038,0.0,1.0,0.0,0.0,0.0,0.0,1.0,0.0,1.0,0.0,0.0,0.0,0.0,0.0,0.0,0.0
PRJEB108612,0.0,0.0,0.0,0.0,0.0,0.0,0.0,0.0,1.0,0.0,0.0,0.0,0.0,0.0,0.0,0.0
PRJEB108678,0.0,0.0,0.0,0.0,0.0,0.7237762237762237,0.4772727272727273,0.0,1.0,0.0,0.0,0.0,0.0,0.0,0.0,1.0
PRJEB10914,0.0,0.0,0.0,1.0,1.0,1.0,1.0,0.0,1.0,0.0,0.0,0.0,0.0,0.0,0.75,1.0
PRJEB110410,0.0,0.0,0.0,0.0,0.0,0.0,0.0,0.0,1.0,0.0,0.0,0.0,0.0,0.0,0.0,0.0
PRJEB110894,0.0,1.0,0.0,0.0,0.0,0.0,0.0,0.0,1.0,0.0,0.0,0.0,0.0,0.0,0.0,0.0
PRJEB111647,0.0,0.0,0.0,0.0,0.0,0.0,0.0,0.0,1.0,0.0,0.0,0.0,0.0,0.0,0.0,0.0
PRJEB112735,0.0,0.0,0.0,0.0,0.0,0.0,0.6555793991416309,0.0,1.0,0.0,0.0,0.0,0.0,0.0,0.0,0.0
PRJEB11419,0.7002324905550712,0.0,0.0,0.7784074396977623,0.0005812263876780006,0.970066841034583,0.011333914559721011,0.0,0.6685556524266202,0.0,0.0,0.0,0.0,0.0,0.0,0.574106364428945
PRJEB12669,0.0,0.0,0.0,0.0,0.0,0.0,0.7894736842105263,0.0,1.0,0.0,0.0,0.0,0.0,0.0,0.0,0.0
PRJEB14801,0.0,0.0,0.0,0.0,1.0,0.0,0.14814814814814814,0.0,1.0,0.0,0.0,0.0,0.0,0.0,0.0,1.0
PRJEB14935,0.0,0.0,0.0,0.0,0.0,0.0,0.0,0.0,1.0,0.0,0.0,0.0,0.0,0.0,0.0,0.0
PRJEB14941,0.8859416445623343,0.0,0.0,0.0,0.0,0.029177718832891247,0.27851458885941643,0.0,1.0,0.0,0.0,0.0,1.0,0.0,0.0,0.0
PRJEB14969,0.0,1.0,1.0,0.8378378378378378,0.0,0.0,0.0,0.0,1.0,0.0,0.0,0.0,0.0,0.0,0.0,0.0
PRJEB15257,0.0,0.0,0.7333333333333333,0.7333333333333333,1.0,0.5333333333333333,0.7333333333333333,0.0,1.0,0.2,0.0,1.0,0.0,0.0,0.0,0.0
PRJEB15633,0.0,1.0,0.0,0.0,1.0,0.0,0.0,0.0,1.0,0.0,0.0,0.0,0.0,0.0,0.0,0.0
PRJEB21259,0.0,0.0,0.0,0.0,0.0,0.0,0.0,0.0,1.0,0.0,0.0,0.0,0.0,0.0,0.0,0.0
PRJEB22207,0.47058823529411764,0.0,0.0,0.0,0.0,0.47058823529411764,0.0,0.0,1.0,0.0,0.0,0.0,0.0,0.0,0.0,0.0
PRJEB23207,0.0,0.0,0.0,0.0,0.0,0.0,0.0,0.0,1.0,0.0,0.0,0.0,0.0,0.0,0.0,0.0
PRJEB24006,0.0,0.0,0.0,0.0,0.0,0.0,0.0,0.0,1.0,0.0,0.0,0.0,0.0,0.0,0.0,0.84
PRJEB24041,0.0,0.0,0.0,0.0,0.0,0.0,0.0,0.0,1.0,0.0,0.0,0.0,0.0,0.0,0.0,0.0
PRJEB24771,0.0,0.0,0.0,0.02514367816091954,0.0,0.0,1.0,0.01867816091954023,1.0,0.0,0.0,0.0,0.0,1.0,0.0,0.0
PRJEB27325,0.0,0.0,0.0,0.0,0.0,0.0,1.0,0.0,1.0,0.0,0.0,0.0,0.0,0.0,0.0,0.0
PRJEB2778,0.0,1.0,0.0,1.0,0.8333333333333334,0.0,1.0,0.0,1.0,0.0,0.0,0.0,0.0,0.0,0.0,0.0
PRJEB28671,0.0,0.0,0.0,0.0,0.0,1.0,0.367601246105919,0.0,1.0,0.0,0.0,0.0,0.0,0.0,0.0,0.0
PRJEB29052,0.0,0.0,0.0,0.0,0.0,0.0,0.0,0.0,1.0,0.0,0.0,0.0,0.0,0.0,0.0,0.0
PRJEB32135,0.0,0.0,0.0,0.0,0.0,0.0,1.0,0.0,1.0,0.0,0.0,0.0,0.0,0.0,0.0,0.0
PRJEB32631,0.0,1.0,0.0,1.0,0.8076235854675402,0.798094103633115,0.9982132221560452,0.946396664681358,1.0,1.0,0.0,0.0,0.0,0.6688505062537224,0.0,0.0
PRJEB33013,0.0,0.0,0.0,0.0,0.0,0.0,0.0,0.0,1.0,0.0,0.0,0.0,0.0,0.0,0.0,0.0
PRJEB33847,0.0,0.0,0.0,0.0,0.0,0.0,0.0,0.0,1.0,0.0,0.0,0.0,1.0,0.0,0.0,1.0
PRJEB35919,0.0,1.0,0.0,0.0,0.0,0.0,0.0,0.0,1.0,0.0,0.0,0.0,0.0,0.0,0.0,0.0
PRJEB36405,0.0,0.0,0.0,0.0,0.0,0.0,0.22727272727272727,0.0,1.0,0.0,0.0,0.0,0.0,0.0,0.0,0.0
PRJEB37883,0.0,1.0,0.0,0.0,0.0,0.0,0.0,0.0,1.0,0.0,0.0,0.0,0.0,0.0,0.0,0.0
PRJEB39610,1.0,1.0,1.0,1.0,0.9720496894409938,1.0,1.0,1.0,1.0,0.0,0.0,1.0,0.9720496894409938,0.0,0.0,0.0
PRJEB41102,1.0,1.0,0.0,0.0,0.0,1.0,0.0944055944055944,0.0,1.0,0.0,0.0,0.0,0.0,0.0,0.0,0.0
PRJEB42045,0.0,0.0,0.0,0.0,0.0,0.0,0.0,0.0,1.0,0.0,0.0,0.0,0.0,0.0,0.0,0.0
PRJEB42363,0.0,0.0,0.0,0.0,0.9779005524861878,0.0,0.0,0.0,0.9779005524861878,0.0,0.0,0.0,0.0,0.0,0.0,0.0
PRJEB45356,0.0,0.0,0.0,0.0,0.0,0.0,0.0,0.0,1.0,0.0,0.0,0.0,0.0,0.0,0.0,0.0
PRJEB45443,0.0,0.0,0.0,0.1390532544378698,0.1390532544378698,0.0,0.0,0.0,1.0,0.0,0.0,0.0,0.10650887573964497,0.0,0.0,0.0
PRJEB45799,0.0,0.0,0.0,0.0,0.0,0.0,0.0910609857978279,0.0,0.5263157894736842,0.0,0.0,0.0,0.0,0.0,0.0,0.0
PRJEB46214,0.0,0.0,0.0,0.0,0.0,0.0,0.0,0.0,1.0,0.0,0.0,0.0,0.0,0.0,0.0,0.0
PRJEB46659,0.0,0.0,0.0,0.0,0.0,0.0,0.0,0.0,1.0,0.0,0.0,0.0,0.0,0.0,0.0,0.0
PRJEB46788,0.0,0.0,0.0,0.0,0.0,0.0,0.0,0.0,0.7374545454545455,0.0,0.0,0.0,0.0,0.0,0.0,0.22036363636363637
PRJEB46943,0.0,0.0,0.0,0.0,0.0,0.0,1.0,0.0,1.0,0.0,0.0,0.0,0.0,0.0,0.0,0.0
PRJEB48251,0.0,0.0,0.0,0.0,0.0,0.0,1.0,0.0,1.0,0.48292682926829267,0.0,0.0,0.0,0.0,0.0,0.0
PRJEB49206,0.0,0.0,0.0,0.0,0.0,0.0,0.2762557077625571,0.0,1.0,0.0,0.0,0.0,0.0,0.0,0.0,0.0136986301369863
PRJEB49383,0.0,1.0,0.0,0.0,0.0,0.0,0.0,0.0,1.0,0.0,0.0,0.0,0.0,0.0,0.0,0.0
PRJEB50568,0.0,0.0,0.0,0.0,0.0,0.0,0.0,0.0,1.0,0.0,0.0,0.0,0.0,0.0,0.0,0.0
PRJEB51728,0.0,0.6925714285714286,0.0,0.6925714285714286,0.0,0.6925714285714286,0.9817142857142858,0.6925714285714286,1.0,0.0,0.0,0.0,0.0,0.6925714285714286,0.0,0.0
PRJEB52147,0.0,1.0,1.0,1.0,0.9814814814814815,1.0,1.0,1.0,1.0,1.0,0.0,1.0,1.0,0.9444444444444444,0.3333333333333333,1.0
PRJEB52295,0.0,0.0,0.0,0.0,0.0,0.0,0.0,0.0,1.0,0.0,0.0,0.0,0.0,0.0,0.0,0.0
PRJEB52748,0.0,0.0,0.0,0.0,0.0,0.0,0.0,0.0,1.0,0.0,0.0,0.0,0.0,0.0,0.0,0.0
PRJEB52774,0.0,0.8490566037735849,0.0,0.6058700209643606,0.8490566037735849,0.0,0.6960167714884696,0.0,1.0,0.6058700209643606,0.0,0.0,0.0,0.0,0.0,0.0
PRJEB52938,0.0,0.0,0.0,0.0,0.0,0.0,0.0,0.0,1.0,0.0,0.0,0.0,0.0,0.0,0.0,0.0
PRJEB53954,0.0,0.0,0.0,0.0,0.0,0.0,0.0,0.0,1.0,0.0,0.0,0.0,0.0,0.0,0.0,0.0
PRJEB54707,0.0,0.0,0.0,1.0,1.0,0.0,1.0,0.0,1.0,0.0,0.475,0.0,0.0,0.0,0.0,0.0
PRJEB54991,0.0,1.0,0.0,0.0,1.0,0.0,1.0,0.0,1.0,0.0,0.0,0.0,0.0,0.0,0.0,0.0
PRJEB55713,0.0,0.0,0.0,0.0,0.0,0.0,0.0,0.0,1.0,0.0,0.0,0.0,0.0,0.0,0.0,0.0
PRJEB55714,0.0,0.0,0.0,0.0,0.0,0.0,0.0,0.0,1.0,0.0,0.0,0.0,0.0,0.0,0.0,0.0
PRJEB57911,0.0,0.0,0.0,0.0,0.0,0.0,0.0,0.0,1.0,0.0,0.0,0.0,0.0,0.0,0.0,0.0
PRJEB59728,0.0,0.0,0.0,0.0,0.0,0.0,0.0,0.0,1.0,0.0,0.0,0.0,0.0,0.0,0.0,0.0
PRJEB62041,0.0,0.0,0.0,1.0,0.0,0.0,1.0,0.0,1.0,0.0,0.0,0.0,0.0,0.0,0.0,0.0
PRJEB62690,0.0,0.0,0.0,1.0,1.0,0.0,1.0,0.0,1.0,0.0,1.0,0.0,0.0,0.0,0.0,0.0
PRJEB62848,1.0,1.0,0.0,1.0,0.0,0.0,1.0,0.0,1.0,0.0,0.0,0.0,0.0,0.0,0.0,0.0
PRJEB63351,0.0,0.0,0.0,0.5451388888888888,0.5451388888888888,0.9513888888888888,0.2986111111111111,0.0,1.0,0.0,0.0,0.0,0.0,0.0,0.0,0.0
PRJEB63570,0.0,0.0,0.0,0.0,0.0,0.0,0.0,0.0,1.0,0.0,0.0,0.0,0.0,0.0,0.0,0.0
PRJEB6456,0.0,0.98,0.1725,0.98,0.71,0.735,0.9925,0.0,1.0,0.1725,0.0,0.1725,0.0,0.3425,0.0,0.0
PRJEB64567,0.0,0.0,0.0,0.0,0.0,0.0,0.8,0.0,1.0,0.0,0.0,0.0,0.0,0.0,0.0,0.0
PRJEB66728,0.0,0.6,0.0,0.6,0.0,0.6,0.6,0.0,1.0,0.0,0.0,0.0,0.0,0.0,0.0,0.0
PRJEB6972,0.0,0.0,0.0,0.0,0.0,0.0,0.0,0.0,1.0,0.0,0.0,0.0,0.0,0.0,0.0,0.0
PRJEB70237,0.0,1.0,0.0,0.0,0.0,0.0,0.8393393393393394,0.0,1.0,0.0,0.0,0.0,0.0,0.0,0.0,0.0
PRJEB74322,0.7612903225806451,1.0,1.0,1.0,1.0,0.7612903225806451,1.0,1.0,1.0,1.0,0.0,0.0,0.0,1.0,0.0,0.0
PRJEB74747,0.0,1.0,0.0,0.0,0.0,0.0,0.0,0.0,1.0,0.0,0.0,0.0,0.0,0.0,0.0,0.0
PRJEB76913,0.0,0.0,0.37142857142857144,0.0,0.0,0.0,0.0,0.0,1.0,0.0,0.0,0.0,0.0,0.0,0.0,0.0
PRJEB77202,0.0,0.0,0.0,0.0,0.0,0.0,0.0,0.0,1.0,0.0,0.0,0.0,0.0,0.0,0.0,0.0
PRJEB77729,0.0,1.0,0.0,0.0,0.0,0.0,0.0,0.0,1.0,0.0,0.0,0.0,0.0,0.0,0.0,0.0
PRJEB79382,0.0,0.0,0.0,0.0,0.0,0.0,0.0,0.0,1.0,0.0,0.0,0.0,0.0,0.0,0.0,0.0
PRJEB79896,0.0,1.0,0.0,0.0,0.0,0.0,0.0,0.0,1.0,0.0,0.0,0.0,0.0,0.0,0.0,0.0
PRJEB80456,0.0,0.0,0.0,0.0,0.0,1.0,0.0,0.0,1.0,0.0,0.0,0.0,0.0,0.0,0.0,0.0
PRJEB82926,0.0,0.0,0.0,0.0,0.0,0.0,0.0,0.0,1.0,0.0,0.0,0.0,0.0,0.0,0.0,1.0
PRJEB83236,0.0,1.0,1.0,1.0,0.0,0.0,1.0,0.0,1.0,0.0,0.0,0.0,0.0,0.0,0.5,1.0
PRJEB83552,0.0,0.9755077658303465,0.9755077658303465,1.0,0.0,0.0,1.0,0.0,1.0,0.0,0.0,0.0,0.0,0.0,0.8733572281959379,1.0
PRJEB84376,0.0,0.0,0.0,1.0,0.0,0.0,1.0,0.0,1.0,0.0,0.0,0.0,0.0,0.0,0.0,0.0
PRJEB84944,0.0,0.0,0.0,0.0,0.0,0.0,0.5941499085923218,0.0,1.0,0.0,0.0,0.0,0.0,0.0,0.0,0.0
PRJEB86954,0.0,0.0,0.0,0.0,0.0,0.0,0.45098039215686275,0.0,1.0,0.0,0.0,0.0,0.0,0.0,0.0,0.0
PRJEB87209,0.0,0.0,0.0,1.0,0.0,0.0,1.0,0.0,1.0,0.0,0.0,0.0,0.0,0.0,0.0,0.0
PRJEB89462,0.0,0.0,0.0,1.0,0.0,0.0,1.0,0.0,1.0,0.0,0.0,0.0,0.0,0.0,0.0,0.0
PRJEB89491,0.0,0.0,0.0,0.0,0.0,0.0,0.8697524219590959,0.0,1.0,0.0,0.0,0.0,0.0,0.0,0.8697524219590959,1.0
PRJEB9150,0.0,0.0,0.0,0.0,0.0,0.0,0.0,0.0,1.0,0.0,0.0,0.0,0.0,0.0,0.0,0.0
PRJEB9403,0.0,1.0,0.0,0.0,0.0,0.0,0.0,0.0,0.0,0.0,0.0,0.0,0.0,0.0,0.0,0.0
PRJEB97976,0.0,0.0,0.0,1.0,1.0,1.0,0.0,0.0,1.0,0.0,1.0,0.0,0.0,0.0,0.0,0.0
PRJEB9818,0.0,0.0,0.0,0.0,0.0,0.0,0.0,0.0,1.0,0.0,0.0,0.0,0.0,0.0,0.0,0.0
PRJNA1019702,0.0,1.0,0.0,0.0,0.0,0.0,1.0,0.0,1.0,0.0,0.0,0.0,0.0,0.0,0.0,0.0
PRJNA1029046,0.0,0.0,0.0,0.0,0.0,0.0,0.0,0.0,1.0,0.0,0.0,0.0,0.0,0.0,0.0,0.0
PRJNA1031773,0.0,0.0,0.0,0.0,0.0,0.0,0.0,0.0,1.0,0.0,0.0,0.0,0.0,0.0,0.0,0.0
PRJNA1042647,0.0,0.0,0.0,0.0,0.7111111111111111,0.0,1.0,0.0,1.0,0.0,0.0,0.0,0.0,0.0,0.0,0.0
PRJNA1045584,0.0,0.0,0.0,0.0,0.0,0.0,0.0,0.0,1.0,0.0,0.0,0.0,0.0,0.0,0.0,1.0
PRJNA1045596,0.0,0.0,0.0,0.0,0.0,1.0,0.25229357798165136,0.0,1.0,0.0,0.0,0.0,1.0,0.0,0.0,0.0
PRJNA1046438,0.0,0.0,0.0,0.0,0.0,0.0,0.0,0.0,1.0,0.0,0.0,0.0,0.0,0.0,0.0,0.0
PRJNA1049511,0.0,0.0,0.0,0.0,0.0,0.0,0.0,0.0,1.0,0.0,0.0,0.0,0.0,0.0,0.0,0.0
PRJNA1051094,0.0,0.0,0.0,0.0,0.0,0.0,0.0,0.0,1.0,0.0,0.0,0.0,0.0,0.0,0.0,1.0
PRJNA1055141,0.0,1.0,1.0,1.0,1.0,1.0,1.0,1.0,1.0,0.9787234042553191,0.0,0.0,0.0,0.0,0.0,0.0
PRJNA1056831,0.0,0.0,0.0,0.0,0.0,1.0,0.0,0.0,1.0,0.0,0.0,0.0,0.0,0.0,0.0,0.0
PRJNA1060349,0.0,0.0,0.0,0.0,0.0,0.0,0.0,0.0,1.0,0.0,0.0,0.0,0.0,0.0,0.0,0.0
PRJNA1062322,0.5964912280701754,1.0,1.0,1.0,0.0,0.0,0.0,1.0,1.0,0.0,0.0,1.0,0.0,0.0,0.0,1.0
PRJNA1065277,0.0,0.0,0.0,0.0,0.0,0.0,0.0,0.0,1.0,0.0,0.0,0.0,0.0,0.0,0.0,1.0
PRJNA1067625,0.0,0.0,0.0,0.0,0.0,0.0,0.8666666666666667,0.0,1.0,0.0,0.0,0.0,0.0,0.0,0.0,1.0
PRJNA1072081,0.0,1.0,0.0,0.0,0.0,0.0,0.0,0.0,1.0,0.0,0.0,0.0,0.0,0.0,0.0,1.0
PRJNA1076911,0.0,0.0,0.0,0.0,0.0,0.0,1.0,0.0,1.0,0.0,0.0,0.0,0.0,0.0,0.0,1.0
PRJNA1081952,0.0,0.0,0.0,0.0,0.0,0.0,0.6610407876230661,0.0,1.0,0.0,0.0,0.0,0.0,0.0,0.0,1.0
PRJNA1082298,0.0,0.0,0.0,0.0,0.0,0.0,0.0,0.0,1.0,0.0,0.0,0.0,0.0,0.0,0.0,1.0
PRJNA1086532,0.0,1.0,0.0,0.0,0.0,0.0,0.0,0.0,1.0,0.0,0.0,0.0,0.0,0.0,0.0,1.0
PRJNA1086674,0.0,1.0,1.0,1.0,1.0,1.0,1.0,1.0,1.0,1.0,0.0,0.0,0.0,0.8974358974358975,0.358974358974359,1.0
PRJNA1087376,0.0,0.0,0.0,0.0,0.0,0.0,1.0,0.0,1.0,0.0,0.0,0.0,0.0,0.0,0.0,0.0
PRJNA1095378,0.0,1.0,0.0,0.0,0.0,1.0,0.0,0.0,1.0,0.0,0.0,0.0,0.0,0.0,0.0,0.0
PRJNA1102671,0.0,0.0,0.0,0.0,0.0,0.0,0.0,0.0,1.0,0.0,0.0,0.0,0.0,0.0,0.0,1.0
PRJNA1105631,0.0,0.0,0.0,0.0,0.0,0.0,0.0,0.0,1.0,0.0,0.0,0.0,0.0,0.0,0.0,1.0
PRJNA1106451,0.0,0.0,0.0,0.0,0.0,0.0,0.0,0.0,1.0,0.0,0.0,0.0,0.0,0.0,0.0,0.0
PRJNA1106565,0.0,1.0,1.0,1.0,0.7982062780269058,0.8101644245142003,1.0,0.0,1.0,0.9955156950672646,0.0,0.0,0.0,0.0,0.0,0.0
PRJNA1112760,1.0,1.0,1.0,0.0,0.0,0.0,1.0,1.0,1.0,0.53125,0.0,1.0,1.0,1.0,0.171875,1.0
PRJNA1112983,0.0,0.0,0.0,0.0,0.0,0.0,0.0,0.0,1.0,0.0,0.0,0.0,0.0,0.0,0.0,1.0
PRJNA1113165,0.0,0.0,0.0,0.0,0.0,0.0,0.0,0.0,1.0,0.0,0.0,0.0,0.0,0.0,0.0,1.0
PRJNA1123170,0.0,0.0,0.0,0.0,0.0,0.0,0.0,0.0,1.0,0.0,0.0,0.0,0.0,0.0,0.0,0.7
PRJNA1128723,0.0,0.0,0.0,0.0,0.0,0.0,1.0,0.0,1.0,0.0,0.0,0.0,0.0,0.0,0.0,1.0
PRJNA1128803,0.0,0.0,0.0,0.0,0.0,0.0,0.0,0.0,1.0,0.0,0.0,0.0,0.0,0.0,0.0,1.0
PRJNA1130109,0.0,1.0,0.0,0.0,0.3448275862068966,0.0,0.0,0.0,1.0,1.0,0.0,0.0,0.0,0.0,0.0,0.0
PRJNA1138246,0.0,1.0,0.0,0.0,0.0,0.0,1.0,0.0,1.0,0.0,0.0,0.0,0.0,0.0,0.0,1.0
PRJNA1139951,0.0,0.0,0.0,0.0,0.0,0.0,0.9356617647058824,0.0,1.0,0.0,0.0,0.0,0.0,0.0,0.0,0.9779411764705882
PRJNA1140720,0.0,0.0,0.0,0.0,0.0,0.0,0.0,0.0,1.0,0.0,0.0,0.0,0.0,0.0,0.6436327739387957,0.0
PRJNA1141394,0.0,1.0,0.0,0.0,0.0,0.0,0.0,0.0,1.0,0.0,0.0,0.0,0.0,0.0,0.0,1.0
PRJNA1143669,0.0,1.0,0.0,1.0,1.0,0.0,1.0,0.0,1.0,0.0,0.0,0.0,0.0,0.0,0.0,1.0
PRJNA1145027,0.0,0.0,0.0,0.0,0.0,0.0,0.6296296296296297,0.0,1.0,0.0,0.0,0.0,0.0,0.0,0.0,0.0
PRJNA1148144,0.0,1.0,0.0,0.0,0.0,0.0,1.0,0.0,1.0,0.0,0.0,0.0,0.0,0.0,0.0,1.0
PRJNA1154644,0.0,0.0,0.0,0.0,0.0,0.0,0.0,0.0,1.0,0.0,0.0,0.0,0.0,0.0,0.0,0.0
PRJNA1160256,0.0,0.0,0.0,0.0,0.0,0.0,0.0,0.0,1.0,0.0,0.0,0.0,0.0,0.0,0.0,0.0
PRJNA1162635,0.0,0.0,0.0,0.0,0.0,0.0,0.0,0.0,1.0,0.0,0.0,0.0,0.0,0.0,0.0,0.0
PRJNA1166969,0.0,0.0,0.0,0.0,0.0,0.0,0.0,0.0,1.0,0.0,0.0,0.0,0.0,0.0,0.0,1.0
PRJNA1169661,0.0,0.0,0.0,0.0,0.0,0.0,0.0,0.0,1.0,0.0,0.0,0.0,0.0,0.0,0.0,1.0
PRJNA1177813,0.0,0.0,0.0,0.0,0.0,0.0,0.3333333333333333,0.0,1.0,0.0,0.0,0.0,0.0,0.0,0.0,0.0
PRJNA1189459,0.0,0.0,0.0,0.0,0.0,0.0,0.0,0.0,1.0,0.0,0.0,0.0,0.0,0.0,0.0,0.0
PRJNA1191223,0.0,1.0,1.0,0.0,1.0,1.0,0.0,0.0,1.0,0.0,0.0,0.0,0.0,0.0,0.0,1.0
PRJNA1195013,0.0,0.0,0.0,0.0,0.0,0.0,0.0,0.0,1.0,0.0,0.0,0.0,0.0,0.0,0.0,1.0
PRJNA1206145,0.0,1.0,0.0,1.0,0.0,0.0,1.0,0.0,1.0,0.0,0.0,0.0,1.0,0.0,0.0,0.0
PRJNA1217583,0.0,1.0,0.0,0.0,0.0,1.0,0.47058823529411764,0.0,1.0,0.0,0.0,0.0,0.0,0.0,0.0,0.0
PRJNA1222487,1.0,0.0,0.0,1.0,1.0,1.0,1.0,0.0,1.0,0.0,0.0,0.0,0.6526315789473685,0.0,0.0,0.0
PRJNA1225421,0.0,0.0,0.0,0.0,0.0,0.0,0.0,0.0,1.0,0.0,0.0,0.0,0.0,0.0,0.0,0.0
PRJNA1227883,0.9625,1.0,0.9625,0.9625,0.9625,0.9625,0.0,0.0,1.0,0.9625,0.0,0.0,0.0,0.0,0.0,1.0
PRJNA1230889,0.0,1.0,0.0,0.0,1.0,0.0,0.0,0.0,1.0,0.0,0.0,0.0,0.0,0.0,0.0,0.0
PRJNA1231247,0.0,1.0,0.0,0.0,0.0,1.0,0.0,0.0,1.0,0.0,0.0,0.0,0.0,0.0,0.0,1.0
PRJNA1241499,0.0,0.0,0.0,0.0,0.0,0.0,0.0,0.0,1.0,0.0,0.0,0.0,0.0,0.0,0.0,1.0
PRJNA1249435,0.0,0.0,0.0,0.0,0.0,0.0,1.0,0.0,1.0,0.0,0.0,0.0,0.0,0.0,0.0,1.0
PRJNA1257550,0.0,0.0,0.0,0.0,0.0,0.0,0.0,0.0,1.0,0.0,0.0,0.0,0.0,0.0,0.0,0.0
PRJNA1258733,0.0,0.0,0.0,0.8076923076923077,0.0,0.0,0.8076923076923077,0.0,1.0,0.0,0.0,0.0,0.0,0.0,0.0,0.0
PRJNA1259152,0.0,0.0,0.0,0.0,0.0,0.0,0.0,0.0,1.0,0.0,0.0,0.0,0.0,0.0,0.0,0.0
PRJNA1260441,0.0,0.0,0.0,0.0,0.0,0.0,0.5,0.0,1.0,0.0,0.0,0.0,0.0,0.0,0.0,1.0
PRJNA1260751,0.0,0.0,0.0,0.0,0.0,0.0,0.0,0.0,1.0,0.0,0.0,0.0,0.0,0.0,0.0,1.0
PRJNA1273620,0.0,0.0,0.0,0.0,0.0,0.0,0.0,0.0,1.0,0.0,0.0,0.0,0.0,0.0,0.0,0.0
PRJNA1274040,0.0,0.0,0.0,0.0,0.0,0.0,0.0,0.0,1.0,0.0,0.0,0.0,0.0,0.0,0.0,0.0
PRJNA1274602,0.0,1.0,0.0,0.0,0.0,0.0,0.0,0.0,1.0,0.0,0.0,0.0,0.0,0.0,0.0,1.0
PRJNA1274946,0.0,0.0,0.0,0.0,0.0,0.0,0.0,0.0,1.0,0.0,0.0,0.0,0.0,0.0,0.0,1.0
PRJNA1280936,0.0,1.0,1.0,0.0,0.0,0.0,0.9262569832402234,0.0,1.0,0.0,0.0,0.0,0.0,0.0,0.0,1.0
PRJNA1286160,0.0,0.0,0.0,0.0,0.0,0.0,0.8218623481781376,0.0,1.0,0.0,0.0,0.0,0.0,0.0,0.0,0.0
PRJNA1290379,0.0,0.0,0.0,0.0,0.0,0.0,0.0,0.0,1.0,0.0,0.0,0.0,0.0,0.0,0.0,1.0
PRJNA1301887,0.0,0.0,0.0,0.0,0.0,0.0,1.0,0.0,1.0,0.0,0.0,0.0,0.0,0.0,0.0,0.0
PRJNA1304237,0.0,0.0,0.0,0.0,0.0,0.0,1.0,0.0,1.0,0.0,0.0,0.0,0.0,0.0,0.0,0.0
PRJNA1305341,0.0,1.0,0.0,0.0,0.0,0.0,0.0,0.0,1.0,0.0,0.0,0.0,0.0,0.0,0.0,0.0
PRJNA1312123,1.0,0.0,0.0,0.0,0.0,0.0,0.0,0.0,1.0,0.0,0.0,0.0,0.0,0.0,0.0,1.0
PRJNA1320699,0.0,0.0,0.0,0.0,0.0,0.0,0.0,0.0,1.0,0.0,0.0,0.0,0.0,0.0,0.0,1.0
PRJNA1337442,0.0,0.0,0.0,0.0,0.0,0.0,0.0,0.0,1.0,0.0,0.0,0.0,0.0,0.0,0.0,1.0
PRJNA1348516,0.0,0.0,0.0,1.0,0.0,0.8726823238566132,1.0,0.0,1.0,0.0,0.0,0.0,0.0,0.0,0.0,1.0
PRJNA1355224,0.0,0.0,0.0,0.0,0.0,0.0,1.0,0.0,1.0,0.0,0.0,0.0,0.0,0.0,0.0,1.0
PRJNA1356541,0.0,0.0,0.0,0.0,0.0,0.0,0.0,0.0,1.0,0.0,0.0,0.0,0.0,0.0,0.0,0.0
PRJNA1364313,0.0,1.0,0.0,0.0,0.0,0.0,0.0,0.0,1.0,0.0,0.0,0.0,0.0,0.0,0.0,1.0
PRJNA1368374,0.0,0.0,0.0,0.0,0.0,0.0,0.0,0.0,1.0,0.0,0.0,0.0,0.0,0.0,0.0,0.0
PRJNA1378986,0.0,0.0,0.0,0.0,0.0,0.0,1.0,0.0,1.0,0.0,0.0,0.0,0.0,0.0,0.0,0.0
PRJNA1403004,0.0,0.0,0.0,0.0,0.0,0.0,0.0,0.0,1.0,0.0,0.0,0.0,0.0,0.0,0.0,1.0
PRJNA1404625,0.0,0.0,0.0,0.9904191616766467,0.9281437125748503,0.0,1.0,0.0,1.0,0.0,0.0,0.0,0.0,0.0,0.0,1.0
PRJNA1413407,0.0,0.0,0.0,0.0,0.0,0.0,1.0,0.0,1.0,0.0,0.0,0.0,0.0,0.0,0.0,1.0
PRJNA1414141,0.0,0.0,0.0,0.0,0.0,0.0,1.0,0.0,1.0,0.0,0.0,0.0,0.0,0.0,0.0,1.0
PRJNA1425751,0.0,1.0,0.0,0.0,0.0,1.0,0.0,0.0,1.0,1.0,0.0,0.0,0.0,0.0,0.0,0.0
PRJNA1428929,0.0,0.0,0.0,0.0,0.0,0.0,1.0,0.0,1.0,0.0,0.0,0.0,0.0,0.0,0.0,1.0
PRJNA1435557,0.0,0.0,0.0,0.0,0.0,0.0,0.0,0.0,1.0,0.0,0.0,0.0,0.0,0.0,0.0,1.0
PRJNA1445880,0.0,0.0,0.0,0.0,0.0,0.0,0.0,0.0,1.0,0.0,0.0,0.0,0.0,0.0,0.0,1.0
PRJNA1445932,0.0,0.0,0.0,0.0,0.0,0.0,1.0,0.0,1.0,0.0,0.0,0.0,0.0,0.0,0.0,1.0
PRJNA1452547,0.5050167224080268,1.0,0.0,0.0,0.0,0.0,1.0,0.0,1.0,0.0,0.0,0.0,0.0,0.0,0.0,1.0
PRJNA1452619,0.0,0.0,0.0,0.0,0.0,0.0,0.0,0.0,1.0,0.0,0.0,0.0,0.0,0.0,0.0,0.0
PRJNA1468137,0.0,0.0,0.0,0.0,0.0,0.0,0.0,0.0,1.0,0.0,0.0,0.0,0.0,0.0,0.0,1.0
PRJNA1472032,0.0,0.0,0.0,0.0,0.0,0.0,0.0,0.0,1.0,0.0,0.0,0.0,0.0,0.0,0.0,1.0
PRJNA1476247,0.0,0.0,0.0,0.0,0.0,0.0,0.0,0.0,1.0,0.0,0.0,0.0,0.16666666666666666,0.0,0.0,0.0
PRJNA1490646,0.0,0.0,0.0,0.0,0.0,0.0,0.0,0.0,1.0,0.0,0.0,0.0,0.0,0.0,0.0,1.0
PRJNA1502892,0.0,1.0,0.0,0.0,0.0,0.0,0.0,0.0,1.0,0.0,0.0,0.0,0.0,0.0,0.0,1.0
PRJNA1504428,0.0,0.0,0.0,0.0,0.0,0.0,0.0,0.0,1.0,0.0,0.0,0.0,0.0,0.0,0.0,1.0
PRJNA1513446,0.0,0.0,0.0,0.0,0.0,0.0,1.0,0.0,1.0,0.0,0.0,0.0,1.0,1.0,0.0,1.0
PRJNA1513833,0.0,0.0,0.0,0.0,0.0,0.0,0.0,0.0,1.0,0.0,0.0,0.0,0.0,0.0,0.0,1.0
PRJNA215102,0.0,1.0,0.0,1.0,1.0,0.0,0.0,1.0,1.0,0.0,0.0,0.0,0.0,0.0,0.0,1.0
PRJNA215106,0.0,0.0,0.0,0.0,0.0,0.0,0.45454545454545453,0.0,1.0,0.0,0.0,0.0,0.0,0.0,0.0,1.0
PRJNA221723,0.0,1.0,1.0,1.0,1.0,1.0,1.0,1.0,1.0,0.0,0.0,0.0,0.0,0.0,0.0,1.0
PRJNA231909,0.0,0.0,0.0,0.0,0.04032258064516129,0.0,0.0,0.0,0.0,0.0,0.0,0.0,0.0,0.0,0.0,0.0
PRJNA268964,0.0,0.0,0.0,0.0,0.0,0.0,0.034482758620689655,0.0,1.0,0.0,0.0,0.0,0.0,0.0,0.0,0.0
PRJNA272371,0.0,0.0,0.0,0.0,0.0,0.0,1.0,0.0,0.9166666666666666,0.0,0.0,0.0,0.0,0.0,0.0,0.0
PRJNA273761,0.0,1.0,0.8833333333333333,0.8833333333333333,0.8833333333333333,0.8833333333333333,1.0,0.8833333333333333,1.0,0.0,0.0,0.8833333333333333,0.8833333333333333,0.0,0.0,1.0
PRJNA284162,0.0,1.0,0.0,0.0,0.0,0.0,0.0,0.0,1.0,0.0,0.0,0.0,0.0,0.0,0.0,1.0
PRJNA290380,0.0,0.0,0.9859872611464968,1.0,0.02165605095541401,0.978343949044586,0.9796178343949045,0.0,1.0,0.0,0.0,0.0,0.0,0.0,0.0,1.0
PRJNA294605,0.0,0.8924050632911392,0.8924050632911392,0.8924050632911392,0.8924050632911392,0.9240506329113924,0.8924050632911392,0.8924050632911392,1.0,0.0,0.0,0.8924050632911392,0.8924050632911392,0.0,0.0,1.0
PRJNA296814,0.0,0.0,0.0,0.0,0.0,0.0,1.0,0.0,1.0,0.0,0.0,0.0,0.0,0.0,0.0,1.0
PRJNA299342,0.0,0.0,0.0,0.0,0.0,0.0,0.0,0.0,1.0,0.0,0.0,0.0,0.0,0.0,0.0,1.0
PRJNA300541,0.0,1.0,0.0,0.0,0.0,0.0,0.13612565445026178,0.0,1.0,0.0,0.0,0.0,0.0,0.0,0.0,0.4031413612565445
PRJNA301903,0.0,1.0,0.9975186104218362,0.9975186104218362,0.0,0.9950372208436724,0.9950372208436724,1.0,1.0,0.7196029776674938,0.0,0.9156327543424317,0.9900744416873449,0.0,0.0,1.0
PRJNA311208,0.0,0.0,0.0,0.0,0.0,0.0,0.0,0.0,1.0,0.0,0.0,0.0,1.0,0.0,0.0,1.0
PRJNA312041,0.0,0.0,0.0,0.0,0.0,0.0,0.0,0.0,1.0,0.0,0.0,0.0,0.0,0.0,0.0,1.0
PRJNA320015,0.0,0.0,0.0,0.0,0.0,0.0,0.0,0.0,1.0,0.0,0.0,0.0,0.0,0.0,0.0,1.0
PRJNA322188,0.0,0.8636363636363636,0.6666666666666666,0.9696969696969697,0.9090909090909091,0.8484848484848485,0.9696969696969697,0.7424242424242424,1.0,0.8636363636363636,0.0,0.0,0.0,0.5454545454545454,0.0,0.0
PRJNA327106,0.0,1.0,1.0,1.0,1.0,1.0,1.0,1.0,1.0,0.0,0.0,1.0,1.0,0.0,0.0,1.0
PRJNA339914,0.0,0.0,0.0,1.0,1.0,0.0,1.0,0.0,1.0,0.0,0.0,0.0,0.0,0.0,0.0,1.0
PRJNA343008,0.0,0.0,0.0,0.5,0.0,0.0,0.5,0.0,1.0,0.0,0.0,0.0,0.0,0.0,0.0,1.0
PRJNA343144,0.0,0.0,0.0,0.0,0.0,0.0,0.0,0.0,1.0,0.0,0.0,0.0,0.0,0.0,0.0,0.0
PRJNA345144,1.0,0.0,0.0,0.34210526315789475,0.0,0.5154798761609907,1.0,0.0,1.0,0.0,0.0,0.0,0.0,0.0,0.0,0.0
PRJNA352475,0.0,0.849624060150376,0.0,0.8947368421052632,0.7293233082706767,0.6766917293233082,0.8947368421052632,0.48872180451127817,1.0,0.849624060150376,0.0,0.0,0.0,0.49624060150375937,0.0,1.0
PRJNA376566,0.0,0.8058968058968059,0.9901719901719902,0.9901719901719902,0.0,0.9901719901719902,1.0,0.9508599508599509,1.0,0.0,0.0,0.9901719901719902,0.9901719901719902,0.0,0.0,1.0
PRJNA379120,0.0,0.7037037037037037,0.6666666666666666,0.9444444444444444,0.7037037037037037,0.8703703703703703,0.9629629629629629,0.8703703703703703,1.0,0.9444444444444444,0.0,0.0,0.0,0.5370370370370371,0.0,0.0
PRJNA380031,0.0,0.0,0.0,0.0,0.0,0.0,0.0,0.0,1.0,0.0,0.0,0.0,0.0,0.0,0.0,0.0
PRJNA384716,0.0,1.0,1.0,1.0,0.0,0.0,1.0,0.0,1.0,1.0,0.0,0.0,0.0,0.0,0.0,0.0
PRJNA385126,0.0,0.0,0.0,0.0,0.0,0.0,1.0,0.0,1.0,0.0,0.0,0.0,0.0,0.0,0.0,0.0
PRJNA387903,0.0,0.0,0.0,0.0,0.0,0.0,0.0,0.0,1.0,0.0,0.0,0.0,0.0,0.0,0.0,1.0
PRJNA390646,1.0,1.0,0.0,0.0,1.0,0.0,0.0,0.0,1.0,0.0,0.0,0.0,0.0,0.0,0.0,1.0
PRJNA394687,0.0,0.0,0.0,0.0,0.0,0.0,0.0,0.0,1.0,0.0,0.0,0.0,0.0,0.0,0.0,1.0
PRJNA396794,0.0,1.0,0.9967213114754099,0.9967213114754099,0.9934426229508196,1.0,1.0,0.9967213114754099,1.0,0.13442622950819672,0.0,0.9934426229508196,0.9967213114754099,0.0,0.0,1.0
PRJNA398089,0.0,0.0,0.0,0.0,0.0,0.0,0.0,0.0,1.0,0.0,0.0,0.0,0.7329740323370897,0.0,0.0,0.0
PRJNA400115,0.0,0.0,0.0,0.0,0.0,0.0,0.0,0.0,1.0,0.0,0.0,0.0,0.0,0.0,0.0,0.0
PRJNA413162,0.5263157894736842,0.0,0.0,0.0,0.0,0.0,0.0,0.0,0.0,0.0,0.0,0.0,0.0,0.0,0.0,0.0
PRJNA417343,0.0,1.0,0.0,0.0,0.0,0.0,1.0,0.0,1.0,0.0,0.0,0.0,0.0,0.0,0.0,1.0
PRJNA422569,1.0,1.0,0.0,0.0,0.0,0.0,0.0,0.0,1.0,0.0,0.0,0.0,0.0,0.0,0.0,0.0
PRJNA433393,0.0,0.0,0.0,0.0,0.0,0.0,1.0,0.0,1.0,0.0,0.0,0.0,0.0,0.0,0.0,1.0
PRJNA436562,0.0,0.0,0.0,0.0,1.0,0.0,1.0,0.0,1.0,0.0,0.0,0.0,0.0,0.0,0.0,0.0
PRJNA46337,0.0,1.0,0.0,0.0,0.0,0.0,0.0,0.0,0.13422007255139057,0.0,0.0,0.016928657799274487,0.0,0.0,0.0,0.0
PRJNA473126,0.0,1.0,1.0,1.0,1.0,1.0,1.0,1.0,1.0,0.8905472636815921,0.0,0.04975124378109453,0.0,1.0,1.0,1.0
PRJNA475246,0.0,0.9529411764705882,0.9176470588235294,1.0,0.788235294117647,0.0,1.0,0.9764705882352941,1.0,0.0,0.0,0.0,0.0,0.0,0.0,0.0
PRJNA477357,0.0,0.0,0.0,0.0,0.0,0.0,0.0,0.0,1.0,0.0,0.0,0.0,0.0,0.0,0.0,0.0
PRJNA482729,0.0,0.0,0.0,0.0,0.0,0.0,0.0,0.0,1.0,0.0,0.0,0.0,1.0,0.0,0.0,1.0
PRJNA484151,0.0,0.0,0.0,1.0,0.0,1.0,0.0,0.0,1.0,0.0,0.0,0.0,0.0,0.0,0.0,1.0
PRJNA485056,0.0,0.0,0.0,0.0,0.0,0.0,0.0,0.0,1.0,0.0,0.0,0.0,0.0,0.0,0.0,0.0
PRJNA486782,0.0,0.0,0.0,0.0,0.0,0.0,0.8442211055276382,0.0,1.0,0.0,0.0,0.0,0.0,0.0,0.0,0.0
PRJNA489090,0.0,1.0,1.0,1.0,0.9277389277389277,0.9300699300699301,1.0,1.0,1.0,1.0,0.0,0.0,0.0,1.0,0.0,1.0
PRJNA489693,0.0,0.0,0.0,0.0,0.0,0.0,1.0,0.0,1.0,0.0,0.0,0.0,0.0,0.0,0.0,1.0
PRJNA497734,0.0,0.0,0.0,1.0,0.7651646447140381,0.0,0.9835355285961872,0.0,1.0,0.6932409012131716,0.0,0.0,0.0,0.0,0.0,0.0
PRJNA504891,0.0,0.0,0.0,0.14,0.0,0.0,0.5,0.0,1.0,0.0,0.0,0.0,0.14,0.0,0.0,0.0
PRJNA508395,0.0,0.0,0.0,0.0,0.0,0.0,0.07692307692307693,0.0,0.0,0.0,0.0,0.0,0.0,0.0,0.0,0.0
PRJNA510445,0.0,0.0,0.0,0.0,0.0,0.0,0.09538702111024237,0.0,1.0,0.0,0.0,0.0,0.0,0.0,0.0,0.0
PRJNA521878,0.0,0.0,0.0,0.0,0.0,1.0,1.0,0.0,1.0,0.9375,0.0,0.0,0.0,0.0,0.0,1.0
PRJNA524703,0.0,0.0,0.0,0.7429718875502008,0.6626506024096386,0.0,0.8313253012048193,0.0,1.0,0.0,0.0,0.0,0.0,0.0,0.0,1.0
PRJNA526942,0.0,0.0,0.0,0.0,0.0,0.0,0.0,0.0,1.0,0.0,0.0,0.0,0.0,0.0,0.0,1.0
PRJNA529124,0.0,0.0,0.0,0.0,0.0,0.0,0.0,0.0,1.0,0.0,0.0,0.0,0.0,0.0,0.0,0.0
PRJNA529400,0.0,0.0,0.0,0.0,0.0,0.0,0.0,0.0,1.0,0.0,0.0,0.0,0.0,0.0,0.0,0.0
PRJNA532310,0.0,1.0,1.0,1.0,1.0,1.0,1.0,1.0,1.0,1.0,0.0,1.0,0.0,1.0,0.0,1.0
PRJNA542703,0.0,1.0,0.0,0.0,1.0,1.0,1.0,0.0,1.0,0.0,0.0,0.0,0.0,0.0,0.0,0.0
PRJNA543520,0.0,1.0,0.0,1.0,0.0,0.0,0.53125,0.0,1.0,0.0,0.0,0.0,0.0,0.0,0.0,0.0
PRJNA543967,0.0,0.0,0.0,0.0,0.03968253968253968,0.0,0.023809523809523808,0.0,1.0,0.0,0.0,0.0,0.0,0.0,0.0,1.0
PRJNA544346,0.0,0.0,0.0,0.0,0.0,0.0,0.0,0.0,1.0,0.0,0.0,0.0,0.0,0.0,0.0,1.0
PRJNA549787,0.0,0.3575757575757576,0.0,0.9939393939393939,1.0,0.0,1.0,0.0,1.0,0.0,0.0,0.0,0.0,0.0,0.0,1.0
PRJNA555020,0.0,1.0,0.0,0.0,0.0,0.0,0.0,0.0,1.0,0.0,0.0,0.0,0.0,0.0,0.0,1.0
PRJNA557731,0.0,1.0,0.0,0.0,0.0,0.0,0.9214659685863874,0.0,1.0,0.0,0.0,0.0,0.0,0.0,0.0,0.0
PRJNA588513,0.0,0.0,0.0,0.0,0.0,0.0,0.0,0.0,1.0,0.0,0.0,0.0,0.0,0.0,0.0,1.0
PRJNA592261,0.0,0.0,0.0,0.0,1.0,1.0,0.2956521739130435,0.0,1.0,0.0,0.0,0.0,0.0,0.0,0.0,1.0
PRJNA595749,0.0,0.03054448871181939,0.16201859229747675,0.899070385126162,0.0,0.03054448871181939,0.8605577689243028,0.899070385126162,1.0,0.4754316069057105,0.0,0.0,0.0,0.03054448871181939,0.0,0.0
PRJNA606271,0.0,1.0,0.0,0.0,0.45,0.0,0.0,0.0,1.0,0.0,0.0,0.0,0.0,0.0,0.0,1.0
PRJNA60717,0.0,1.0,0.0,0.0,0.0,1.0,0.0,0.0,1.0,0.0,0.0,0.0,0.0,0.0,0.0,0.0
PRJNA613032,0.0,0.0,0.16666666666666666,0.16666666666666666,0.0,0.16666666666666666,0.0,0.16666666666666666,1.0,0.16666666666666666,0.0,0.0,0.0,0.0,0.0,1.0
PRJNA613054,0.0,1.0,0.0,0.0,0.0,1.0,1.0,0.0,1.0,0.0,0.0,0.0,0.0,0.0,0.0,1.0
PRJNA61745,0.0,1.0,1.0,0.0,0.0,0.0,0.0,0.0,0.0,0.0,0.0,0.0,0.0,0.0,0.0,0.0
PRJNA629392,0.0,0.0,0.0,0.0,0.0,0.0,0.14285714285714285,0.0,1.0,0.0,0.0,0.0,0.0,0.0,0.0,0.0
PRJNA630999,0.5938566552901023,1.0,0.06484641638225255,0.1296928327645051,1.0,0.0,0.5938566552901023,0.13310580204778158,1.0,0.0,0.0,0.0,0.06484641638225255,0.0,0.0,0.9965870307167235
PRJNA633576,0.0,1.0,0.0,0.0,0.9955947136563876,0.0,0.9911894273127754,0.0,1.0,0.0,0.0,0.0,0.0,0.0,0.0,1.0
PRJNA63661,0.0,0.4452773613193403,0.6041979010494752,0.6056971514242878,0.0,0.5337331334332833,0.7106446776611695,0.0,1.0,0.0,0.0,0.6101949025487257,0.5337331334332833,0.0,0.0,0.0
PRJNA642723,0.0,0.0,0.0,0.0,0.0,0.0,0.0,0.0,1.0,0.0,0.0,0.0,0.0,0.0,0.0,0.0
PRJNA644725,1.0,0.0,0.0,0.0,0.0,0.0,0.0,0.0,0.98,0.0,0.0,0.0,0.0,0.0,0.0,0.0
PRJNA648487,0.0,1.0,0.0,0.0,0.0,0.0,1.0,0.0,1.0,0.0,0.0,0.0,0.0,0.0,0.0,1.0
PRJNA657818,0.0,1.0,0.7771084337349398,0.7771084337349398,0.0,0.0,0.3855421686746988,0.7771084337349398,1.0,0.7530120481927711,0.0,0.0,0.0,0.0,1.0,0.0
PRJNA686821,0.0,0.0,0.0,0.0,0.0,0.0,0.0,0.0,1.0,0.0,0.0,0.0,0.0,0.0,0.0,0.0
PRJNA687137,0.0,0.0,0.0,0.0,0.0,0.0,0.0,0.0,1.0,0.0,0.0,0.0,0.0,0.0,0.0,1.0
PRJNA688164,0.0,0.0,0.0,0.0,0.0,0.0,0.0,0.0,1.0,0.0,0.0,0.0,0.0,0.0,0.0,0.0
PRJNA693793,0.0,0.0,0.0,1.0,0.0,0.0,1.0,0.0,1.0,1.0,0.0,0.0,0.0,0.0,0.0,0.0
PRJNA695070,0.0,1.0,0.0,0.0,0.0,1.0,0.0,0.0,1.0,1.0,0.0,0.0,0.0,0.0,0.0,1.0
PRJNA695570,0.0,0.0,0.0,0.0,0.0,0.0,0.21222410865874364,0.0,1.0,0.0,0.0,0.0,1.0,0.0,0.0,1.0
PRJNA698986,0.0,0.0,0.8974358974358975,0.8974358974358975,0.0,0.8901098901098901,0.8766788766788767,0.8974358974358975,1.0,0.0,0.0,0.47496947496947495,0.4822954822954823,0.0,0.0,1.0
PRJNA701480,0.43103448275862066,1.0,0.0,1.0,0.0,0.0,0.7844827586206896,0.0,1.0,0.0,0.0,0.0,0.0,0.0,0.0,1.0
PRJNA701982,0.0,0.0,0.8507462686567164,0.0,0.0,0.0,0.7164179104477612,0.0,1.0,0.0,0.0,0.0,0.0,0.0,0.0,1.0
PRJNA706606,0.0,0.0,0.0,0.0,0.0,0.0,0.0,0.0,1.0,0.0,0.0,0.0,0.0,0.0,0.0,1.0
PRJNA707065,0.0,0.0,0.0,0.0,0.0,0.0,0.5,0.0,1.0,0.0,0.0,0.0,0.0,0.0,0.0,1.0
PRJNA715601,0.0,0.0,0.0,0.0,0.0,0.0,1.0,0.0,1.0,0.0,0.0,0.0,0.0,0.0,0.0,1.0
PRJNA715615,0.0,0.0,0.0,0.0,0.0,0.0,0.0,0.0,1.0,0.0,0.0,0.0,0.0,0.0,0.0,0.0
PRJNA716780,0.0,0.0,0.0,0.2204724409448819,0.0,0.9803149606299213,0.16929133858267717,0.0,1.0,0.0,0.0,0.0,0.6417322834645669,0.0,0.0,0.0
PRJNA717139,0.0,0.0,0.0,0.0,0.0,0.0,1.0,0.0,1.0,0.0,0.0,0.0,0.0,0.0,0.0,1.0
PRJNA725597,0.0,0.0,0.0,0.0,0.0,0.0,0.0,0.0,1.0,0.0,0.0,0.0,0.0,0.0,0.0,1.0
PRJNA726032,0.75,0.0,0.0,0.0,1.0,0.0,0.0,0.0,1.0,0.0,0.0,0.0,0.0,0.0,0.0,0.0
PRJNA726052,0.0,0.0,0.0,0.0,0.0,0.0,0.0,0.0,1.0,0.0,0.0,0.0,0.0,0.0,0.0,1.0
PRJNA730640,0.0,0.0,0.0,0.0,0.0,0.0,0.0,0.0,1.0,0.0,0.0,0.0,0.0,0.0,0.0,1.0
PRJNA731529,0.0,0.0,0.0,0.0,0.0,0.0,0.0,0.0,1.0,0.0,0.0,0.0,0.0,0.0,0.0,1.0
PRJNA733860,0.0,1.0,0.0,0.0,0.0,0.0,0.0,0.0,1.0,0.0,0.0,0.0,0.0,0.0,0.0,0.0
PRJNA739008,0.0,0.0,0.0,0.0,0.0,0.0,0.0,0.0,1.0,0.0,0.0,0.0,0.0,0.0,0.0,0.0
PRJNA746509,0.0,0.0,0.0,0.0,0.0,0.0,1.0,0.0,1.0,0.0,0.0,0.0,1.0,0.0,0.0,1.0
PRJNA747761,0.0,0.0,0.0,0.0,0.0,0.0,0.869198312236287,0.0,1.0,0.0,0.0,0.0,0.0,0.0,0.0,0.0
PRJNA748448,0.0,1.0,0.0,0.0,0.0,1.0,0.0,0.0,1.0,0.0,0.0,0.0,0.0,0.0,0.0,1.0
PRJNA751712,0.0,0.0,0.0,0.0,0.0,0.0,0.0,0.0,1.0,0.0,0.0,0.0,0.0,0.0,0.0,0.0
PRJNA752686,0.0,1.0,0.0,0.0,0.0,0.0,0.0,0.0,1.0,0.0,0.0,0.0,0.0,0.0,0.0,1.0
PRJNA762668,0.0,1.0,1.0,1.0,0.0,1.0,0.36363636363636365,1.0,1.0,1.0,0.0,0.0,0.0,0.0,0.0,1.0
PRJNA763908,0.0,0.0,0.0,0.0,0.0,0.0,0.0,0.0,1.0,0.0,0.0,0.0,0.0,0.0,0.0,1.0
PRJNA770101,0.0,0.0,0.0,0.0,0.0,0.0,0.0,0.0,1.0,0.0,0.0,0.0,0.0,0.0,0.0,1.0
PRJNA772730,1.0,0.0,0.0,0.0,0.0,0.0,0.0,0.0,1.0,0.0,0.0,0.0,0.0,0.0,0.0,1.0
PRJNA774819,0.0,1.0,0.0,0.0,0.0,0.0,0.0,0.0,1.0,0.0,0.0,0.0,0.0,0.0,0.0,1.0
PRJNA776332,0.0,0.0,1.0,0.0,0.0,0.0,0.0,1.0,1.0,0.0,0.0,0.0,0.0,0.0,0.0,1.0
PRJNA778397,0.0,1.0,0.0,1.0,0.9866666666666667,0.0,1.0,0.0,1.0,0.0,0.0,0.0,0.0,0.0,0.0,1.0
PRJNA798191,1.0,1.0,0.0,0.0,1.0,0.0,0.0,0.0,1.0,0.0,0.0,0.0,0.0,0.0,0.0,1.0
PRJNA799247,0.0,1.0,0.9686780285582681,0.0,0.0,0.0,0.9686780285582681,0.9686780285582681,1.0,0.0,0.0,0.9686780285582681,0.9686780285582681,0.0,0.0,1.0
PRJNA806984,0.0,0.0,0.0,0.0,0.0,0.0,1.0,0.0,1.0,0.0,0.0,0.0,0.0,0.0,0.0,0.0
PRJNA807448,0.0,1.0,0.0,1.0,0.9934640522875817,0.0,1.0,0.0,1.0,0.0,0.0,0.0,0.0,0.0,0.0,1.0
PRJNA810575,0.0,0.0,0.0,0.0,0.0,0.0,0.0,0.0,1.0,0.0,0.0,0.0,0.0,0.0,0.0,1.0
PRJNA812583,0.0,0.25,0.0,0.25,0.16666666666666666,0.0,0.0,0.0,1.0,0.0,0.0,0.0,0.0,0.0,0.0,0.0
PRJNA819247,0.0,0.0,0.0,0.0,1.0,1.0,0.0,0.0,1.0,1.0,0.0,0.0,0.0,0.0,0.0,1.0
PRJNA821542,0.0,0.0,0.0,0.0,0.0,0.0,0.835511982570806,0.0,1.0,0.0,0.0,0.0,0.0,0.0,0.0,1.0
PRJNA821920,0.0,1.0,1.0,1.0,0.0,0.0,1.0,0.0,1.0,0.0,0.0,0.0,0.02702702702702703,1.0,0.0,1.0
PRJNA833139,0.0,0.0,0.0,0.7441860465116279,0.7441860465116279,0.0,0.0,0.0,1.0,0.0,0.0,0.0,0.0,0.0,0.0,0.0
PRJNA834762,0.0,0.0,0.0,0.0,0.0,0.0,0.0,0.0,1.0,0.0,0.0,0.0,0.0,0.0,0.0,1.0
PRJNA835321,0.0,0.0,0.0,0.0,0.0,0.0,0.0,0.0,1.0,1.0,0.0,0.0,0.0,0.0,0.0,1.0
PRJNA835720,0.0,0.0,0.0,0.0,0.0,0.0,0.0,0.0,1.0,0.0,0.0,0.0,0.0,0.0,0.0,1.0
PRJNA837236,0.0,0.0,0.0,0.0,0.0,0.0,0.0,0.0,1.0,0.0,0.0,0.0,0.0,0.0,0.0,1.0
PRJNA838575,0.0,0.0,0.0,0.0,0.0,0.0,1.0,0.0,1.0,0.0,0.0,0.0,0.0,0.0,0.0,0.0
PRJNA843963,0.0,0.0,0.0,0.0,0.0,0.0,0.0,0.0,1.0,0.0,0.0,0.0,0.0,0.0,0.0,0.0
PRJNA844516,0.0,0.0,0.0,0.0,0.0,0.0,0.0,0.0,1.0,0.0,0.0,0.0,0.0,0.0,0.0,0.0
PRJNA845806,0.0,0.0,0.0,0.0,0.0,0.0,0.0,0.0,1.0,0.0,0.0,0.0,0.0,0.0,0.0,1.0
PRJNA853174,0.0,0.0,0.0,1.0,1.0,0.3181818181818182,1.0,0.0,1.0,0.0,0.0,0.0,0.0,0.0,0.0,1.0
PRJNA858926,0.0,1.0,0.0,0.0,1.0,0.0,0.0,0.0,1.0,1.0,0.0,0.0,0.0,0.0,0.0,1.0
PRJNA862908,0.0,0.0,0.0,0.0,0.0,0.0,0.0,0.0,1.0,0.0,0.0,0.0,0.6026490066225165,0.0,0.0,1.0
PRJNA869587,0.0,0.0,0.0,0.0,0.0,0.0,0.0,0.0,1.0,0.0,0.0,0.0,0.0,0.0,0.0,1.0
PRJNA870588,0.0,1.0,1.0,0.0,0.0,0.0,0.0,0.0,1.0,1.0,0.0,1.0,0.0,0.0,0.0,1.0
PRJNA872399,0.0,1.0,1.0,0.9695290858725761,0.0,1.0,1.0,1.0,1.0,1.0,0.0,0.0,0.0,0.0,0.0,0.0
PRJNA884103,0.0,0.0,0.0,1.0,0.0,0.0,1.0,1.0,1.0,0.0,0.0,0.0,0.0,0.0,0.0,0.0
PRJNA884688,0.0,1.0,0.0,0.0,1.0,0.0,0.47706422018348627,0.0,1.0,0.0,0.0,0.0,0.0,0.0,0.0,0.0
PRJNA889771,0.0,1.0,0.0,0.0,0.0,0.0,1.0,0.0,1.0,0.0,0.0,0.0,0.0,0.0,0.0,1.0
PRJNA893826,0.0,0.0,0.0,0.0,0.0,0.0,0.0,0.0,1.0,0.0,0.0,0.0,0.0,0.0,0.0,1.0
PRJNA894152,0.0,0.0,0.0,0.0,0.0,0.0,0.0,0.0,1.0,0.0,0.0,0.0,0.0,0.0,0.0,0.0
PRJNA895372,0.0,1.0,1.0,0.0,0.0,0.0,1.0,1.0,1.0,0.0,0.0,0.0,0.0,0.0,0.0,1.0
PRJNA898628,0.0,1.0,0.5318181818181819,0.5318181818181819,0.5318181818181819,0.5318181818181819,0.5318181818181819,0.5318181818181819,1.0,0.4772727272727273,0.0,0.0,0.0,0.5318181818181819,0.0,0.0
PRJNA900041,0.0,0.0,0.0,0.0,0.0,0.0,0.0,0.0,1.0,0.0,0.0,0.0,0.0,0.0,0.0,0.0
PRJNA900180,0.0,0.0,0.0,0.0,0.0,0.0,0.0,0.0,1.0,0.0,0.0,0.0,0.0,0.0,0.0,0.0
PRJNA903921,0.0,0.0,0.0,0.0,0.0,0.0,1.0,0.0,1.0,0.0,0.0,0.0,0.0,0.0,0.0,1.0
PRJNA906107,0.0,0.0,0.0,0.0,0.0,0.0,0.0,0.0,1.0,0.0,0.0,0.0,0.0,0.0,0.0,1.0
PRJNA916952,0.0,0.0,0.0,0.0,0.0,0.0,0.0,0.0,1.0,0.0,0.0,0.0,0.0,0.0,0.0,0.0
PRJNA927010,0.0,1.0,0.0,0.0,0.0,0.0,0.0,0.0,1.0,0.0,0.0,0.0,0.0,0.0,0.0,1.0
PRJNA938144,0.0,1.0,0.0,1.0,1.0,0.0,1.0,0.0,1.0,0.0,0.0,0.0,0.0,0.0,0.0,0.0
PRJNA945262,0.0,1.0,0.0,0.0,0.8269230769230769,0.0,0.8269230769230769,0.0,1.0,0.0,0.0,0.0,0.0,0.0,0.0,0.0
PRJNA947616,0.0,1.0,0.0,0.0,0.0,0.0,1.0,0.0,1.0,0.0,0.0,0.0,0.0,0.0,0.0,0.0
PRJNA949443,0.0,0.0,0.0,0.0,0.0,0.0,0.0,0.0,1.0,0.0,0.0,0.0,0.0,0.0,0.0,0.0
PRJNA949528,0.0,0.0,0.0,1.0,0.0,0.0,1.0,0.0,1.0,0.0,0.0,0.0,0.0,0.0,0.0,0.0
PRJNA955235,0.0,0.0,0.0,0.0,0.0,0.0,0.9947368421052631,0.0,1.0,0.0,0.0,0.0,0.9947368421052631,0.0,0.0,1.0
PRJNA961698,0.0,0.0,0.0,0.0,0.0,0.0,0.8953804347826086,0.0,1.0,0.0,0.0,0.0,0.0,0.0,0.0,0.0
PRJNA971895,0.0,1.0,0.0,0.0,0.0,0.0,0.0,0.0,1.0,0.0,0.0,0.0,0.0,0.0,0.0,1.0
PRJNA978345,0.0,0.0,0.0,0.0,0.0,1.0,1.0,0.0,1.0,0.0,0.0,0.0,0.0,0.0,0.0,1.0
PRJNA979436,0.0,0.0,0.0,0.0,0.0,0.0,1.0,0.0,1.0,0.0,0.0,0.0,0.0,0.0,0.0,1.0
PRJNA988496,0.007326007326007326,0.0,0.0,1.0,0.0,0.0,1.0,0.0,1.0,1.0,0.0,0.0,0.007326007326007326,0.0,0.0,0.0
PRJNA991269,0.0,0.0,0.0,0.3125,0.3125,0.0,0.0,0.0,1.0,0.0,0.0,0.0,0.0,0.0,0.0,0.0
PRJNA994433,0.0,0.0,0.0,0.0,0.0,0.0,1.0,0.0,1.0,0.0,0.0,0.0,0.0,0.0,0.0,0.0
